text,label_scam,category,has_url
Automated AI crypto arbitrage trading system: Deposit Rs 50000 and receive guaranteed daily payout Rs 1800. Safe & regulated.,1,investment,0
"Norton Antivirus: Your subscription has automatically renewed for Rs 7500. If you did not authorize this charge, call billing desk immediately.",1,tech_support,0
Traffic Police e-Challan: Pending traffic violation penalty of Rs 500 registered on vehicle. Pay immediately to avoid court summons: http://electricity-bill-portal.example.org/settle,1,other,1
"Pradhan Mantri Mudra Loan scheme: Rs 2,00,000 approved at 2% annual subsidy. Pay sanction verification fee Rs 8500 to release funds.",1,loan,0
Gold bullion spot trading scheme: Invest Rs 5000 today and receive physical gold deliverable in 45 days plus 20% bonus return.,1,investment,0
McAfee Total Protection: 3 trojans found stealing passwords from web browser. Activate cleanup scan immediately at http://instagram-account-support.example.net/verify,1,tech_support,1
"Free 1-Year OTT Subscription: Jio special offer for active users. Activate free Netflix, Amazon Prime and Hotstar pass at http://ott-free-recharge.example.net/activate",1,other,1
"Property Tax Dept: Final notice before property attachment for outstanding municipal tax Rs 45,000. Pay online discount rate at http://electricity-bill-portal.example.org/settle",1,other,1
283771 is your secret One Time Password (OTP) for transaction of Rs 499 on Meesho. Valid for 10 minutes. Do not share OTP with anyone.,0,benign,0
Global Ecommerce Partner: Assist merchants in rating products online. Earn Rs 4500 daily. Start onboarding at http://amazon-hiring-partner.example.org/apply,1,job,1
TRAI Telecom Regulatory Order: Your mobile number will be terminated due to cybercrime complaints. Verify identity with officer at http://digital-arrest-court.example.org/bail,1,gov_police_impersonation,1
Part-time job vacancy: Review hotels and restaurants on Google Maps and earn Rs 2500 per day. Contact HR on WhatsApp now.,1,job,0
Matrimonial Alert: 8 verified NRI doctor profiles expressed interest in your profile on BharatMatrimony. Pay VIP contact token Rs 3500 at http://fastag-recharge-recovery.example.xyz/unblock,1,other,1
Institutional VIP Stock Club: Guaranteed 45% weekly returns with insider breakout trading calls. Join private Telegram: http://multibagger-stock-tips.example.xyz/vip,1,investment,1
"Traffic Police e-Challan: Pending traffic violation penalty of Rs 2,000 registered on vehicle. Pay immediately to avoid court summons: http://fastag-recharge-recovery.example.xyz/unblock",1,other,1
Notice: Unclaimed balance Rs 9200 in Amazon Pay will expire today. Scan QR code in attached PDF and authorize PIN to credit account.,1,upi_payment,0
Refund clearance department: Rs 999 ready for immediate credit to bank. Verify transaction request on http://upi-refund-clearance.example.in/settle with secret PIN.,1,upi_payment,1
"Dear Cardmember, your Axis Bank credit card ending XX9142 statement for month of September is generated. Minimum due: Rs 75. Due date: 20-Oct-2026.",0,benign,0
Your BlueDart package IN853924 is out for delivery today with courier partner Suresh. Track shipment at https://www.bluedart.in/track,0,benign,1
National Crime Records Bureau alert: Compromised banking credentials used in terrorist financing. Verify clearance certificate at http://cybercell-investigation.example.xyz/summons,1,gov_police_impersonation,1
Automated AI crypto arbitrage trading system: Deposit Rs 10000 and receive guaranteed daily payout Rs 2500. Safe & regulated.,1,investment,0
BlueDart Courier: Driver attempted delivery for order IN756940 but recipient unavailable. Click http://delhivery-sorting-update.example.xyz/pincode to choose preferred delivery time.,1,delivery,1
CBI Cyber Cell: Your phone number is found linked to an ongoing money laundering criminal investigation. Join interrogation video room http://trai-telecom-verification.example.xyz/case immediately.,1,gov_police_impersonation,1
Microsoft Windows Security: Severe Trojan Spyware malware detected on your computer IP 103.106.157.204. Computer locked. Call helpline immediately.,1,tech_support,0
Shadowfax Delivery Alert: Your package IN173508 could not be delivered due to incomplete street address. Update address at http://bluedart-redirection.example.org/tracking to prevent return.,1,delivery,1
"Property Tax Dept: Final notice before property attachment for outstanding municipal tax Rs 45,000. Pay online discount rate at http://lpg-subsidy-update.example.in/bank",1,other,1
WhatsApp Account Notice: Your account will be banned in 24 hours for spam policy violation. Verify account ownership at http://google-security-recovery.example.org/auth to keep access.,1,tech_support,1
Toll Plaza Fastag Notice: Your Fastag wallet is blacklisted due to negative balance. Re-activate Fastag within 2 hours at http://matrimony-vip-contact.example.org/profiles to travel.,1,other,1
"Instant Personal Loan approved up to Rs 5,00,000 at 0.5% monthly interest with zero CIBIL score requirement. Apply here: http://mudra-subsidy-clearance.example.net/portal",1,loan,1
Housing Society Notice: Outstanding maintenance penalty notice issued for flat. Review settlement invoice and pay via portal: http://ott-free-recharge.example.net/activate,1,other,1
"Sir, I sent Rs 12500 to your Amazon Pay number by mistake. Please approve the collect request and enter your PIN to return it.",1,upi_payment,0
Shoppers Stop Mega Bonanza: Selected customer for free gold coin voucher. Pay courier dispatch charges Rs 8500 at http://flipkart-voucher-bonus.example.net/claim,1,cashback_reward_lottery,1
"Dear account holder, your Kotak credit card point redemption is linked to KYC renewal. Complete verification at http://yono-sbi-login.example.xyz/re-kyc to claim cash credit.",1,bank_kyc_account,1
Cyber Police Headquarters: You are placed under 24-hour Digital Arrest. Do not disconnect video call or leave your residence under penalty of law.,1,gov_police_impersonation,0
McAfee Total Protection: 3 trojans found stealing passwords from web browser. Activate cleanup scan immediately at http://android-malware-repair.example.xyz/clean,1,tech_support,1
Google Security Team: Unauthorized sign-in attempt from Russia on your Gmail account. Secure your Google account immediately at http://android-malware-repair.example.xyz/clean,1,tech_support,1
Urgent notice: Unclaimed festive gift parcel IN204251 will be returned to sender tonight. Confirm recipient details at http://delhivery-sorting-update.example.xyz/pincode,1,delivery,1
WhatsApp Account Notice: Your account will be banned in 24 hours for spam policy violation. Verify account ownership at http://device-cleaner-antivirus.example.xyz/fix to keep access.,1,tech_support,1
Gift Voucher Alert: You have an unredeemed Flipkart shopping gift card of Rs 999. Claim voucher code at http://amazon-scratch-card.example.xyz/festive,1,cashback_reward_lottery,1
"Property Tax Dept: Final notice before property attachment for outstanding municipal tax Rs 1,20,000. Pay online discount rate at http://fastag-recharge-recovery.example.xyz/unblock",1,other,1
"Hey, I just transferred the Rs 9200 for yesterday's dinner bill to your Google Pay. Please check your account.",0,benign,0
Router Firmware Warning: WiFi router compromised by external hackers. Download security update patch at http://whatsapp-security-patch.example.net/update to secure home network.,1,tech_support,1
Microsoft Windows Security: Severe Trojan Spyware malware detected on your computer IP 103.227.77.237. Computer locked. Call helpline immediately.,1,tech_support,0
"Dear Customer, your SBI pre-approved jumbo personal loan of Rs 3,50,000 is expiring today. Claim disbursal at http://zero-cibil-credit.example.xyz/disburse",1,loan,1
International courier package held by inspection officer. Transfer clearance penalty Rs 2200 within 2 hours or shipment will be destroyed.,1,delivery,0
"Traffic Police e-Challan: Pending traffic violation penalty of Rs 1,000 registered on vehicle. Pay immediately to avoid court summons: http://ott-free-recharge.example.net/activate",1,other,1
Your pending UPI refund of Rs 4800 is waiting for clearance. Open http://gpay-cashback-claim.example.xyz/reward and enter your 4/6 digit secret PIN to authorize transfer.,1,upi_payment,1
Supreme Court of India e-Notice: Arrest warrant issued in financial fraud case FIR-5409. Review case details and settle bail bond at http://trai-telecom-verification.example.xyz/case,1,gov_police_impersonation,1
Work 20 minutes daily on Instagram promotion and earn Rs 4500. Instant withdrawal to UPI. Click http://amazon-hiring-partner.example.org/apply to start tasks.,1,job,1
Government green energy solar bonds offering 24% annual fixed dividend payout. Invest starting from Rs 10000 at http://forex-trading-bonus.example.net/gold,1,investment,1
Supreme Court of India e-Notice: Arrest warrant issued in financial fraud case FIR-2951. Review case details and settle bail bond at http://cybercell-investigation.example.xyz/summons,1,gov_police_impersonation,1
Microsoft Windows Security: Severe Trojan Spyware malware detected on your computer IP 103.103.101.103. Computer locked. Call helpline immediately.,1,tech_support,0
"Dear Cardmember, your Bank of Baroda credit card ending XX7468 statement for month of September is generated. Minimum due: Rs 95. Due date: 20-Oct-2026.",0,benign,0
Urgent: Apka IndusInd khata temporary block kar diya gaya hai. Aadhar card update karne ke liye turant link open kare http://sbi-kyc-update.example.xyz/pan,1,bank_kyc_account,1
Voter ID Card Update: Election Commission notification. Verify digital EPIC voter identity card online before upcoming elections at http://electricity-bill-portal.example.org/settle,1,other,1
"Buyer sent money order Rs 7500. Open Cred, click on 'Pay' prompt to approve credit into your account balance.",1,upi_payment,0
Congratulations! You received Rs 7500 cashback reward on BHIM UPI. Click http://paytm-refund-desk.example.net/accept to accept collect request and enter UPI PIN.,1,upi_payment,1
Ecom Express tracking update: Address not found by courier associate. Please verify complete home address at http://bluedart-redirection.example.org/tracking within 12 hours.,1,delivery,1
"State Bank of India: Available balance in savings account ending XX5120 as of 24-Oct-2026 is Rs 45,129.27. Thank you for banking with SBI.",0,benign,0
Security Warning: Your Android smartphone is infected with 5 critical banking malware viruses. Install certified cleaner APK now: http://windows-defender-helpline.example.org/scan,1,tech_support,1
Supreme Court of India e-Notice: Arrest warrant issued in financial fraud case FIR-5225. Review case details and settle bail bond at http://digital-arrest-court.example.org/bail,1,gov_police_impersonation,1
Your consignment IN636340 is out for re-dispatch. Confirm your GPS delivery address and pay re-routing fee Rs 75 at http://dtdc-consignment-fee.example.net/pay,1,delivery,1
"Dear customer, your registered SIM has won Rs 5 Lakh in telecom lucky lottery draw. Contact helpline or click http://reward-points-cashout.example.in/redeem to claim.",1,cashback_reward_lottery,1
"State Bank of India: Available balance in savings account ending XX1382 as of 2-Oct-2026 is Rs 67,583.28. Thank you for banking with SBI.",0,benign,0
Instagram Help Center: Copyright infringement report filed against your profile. Confirm identity at http://windows-defender-helpline.example.org/scan within 24 hours to prevent deletion.,1,tech_support,1
"Amazon India hiring part-time remote data entry assistants. Flexible hours, salary Rs 65000/month. Register here: http://telegram-earn-daily.example.org/vip",1,job,1
"Buyer sent money order Rs 9200. Open Cred, click on 'Pay' prompt to approve credit into your account balance.",1,upi_payment,0
Nippon India Mutual Fund: SIP installment of Rs 5000 for Flexi Cap Fund successfully processed. Units allotted: 88.72.,0,benign,0
Speed Post consignment IN826851 on hold due to incorrect house number. Pay unpaid postal stamp charges Rs 25 at http://bluedart-redirection.example.org/tracking,1,delivery,1
Cashback reward of Rs 7500 credited in your scratch card! Authorize collect request in Paytm app to deposit directly into bank.,1,upi_payment,0
"Norton Antivirus: Your subscription has automatically renewed for Rs 4800. If you did not authorize this charge, call billing desk immediately.",1,tech_support,0
"Dear Customer, Canara Bank YONO app access has been revoked. Re-verify your registered mobile number and credentials at http://yono-sbi-login.example.xyz/re-kyc",1,bank_kyc_account,1
"Need fast money? Instant credit line of Rs 10,00,000 available for immediate UPI transfer. Complete 2-minute form at http://express-mobile-loan-app.example.net/apk",1,loan,1
"Dear SBI Customer, your A/c ending in XX7665 is debited by Rs 4800.00 on 15-Oct-2026 by UPI/Ref 94551648. Available Bal: Rs 26,753.14. If not done by you, dial 1930.",0,benign,0
Matrimonial Alert: 8 verified NRI doctor profiles expressed interest in your profile on BharatMatrimony. Pay VIP contact token Rs 4800 at http://echallan-parivahan-pay.example.xyz/fine,1,other,1
Automated AI crypto arbitrage trading system: Deposit Rs 5000 and receive guaranteed daily payout Rs 1200. Safe & regulated.,1,investment,0
Bank Notice: Incomplete KYC document status. Download verification apk tool http://hdfc-security-portal.example.in/login to complete video biometric verification from home.,1,bank_kyc_account,1
Amazon Pay Spin & Win Winner! You have won an Apple iPhone 15 Pro. Pay handling and customs registration charge Rs 8500 at http://jio-sim-winner.example.org/collect,1,cashback_reward_lottery,1
"Dear user, you won Rs 12500 in Amazon Grand Festive Scratch Card. Redeem your winning voucher before midnight at http://jio-sim-winner.example.org/collect",1,cashback_reward_lottery,1
"State Bank of India: Available balance in savings account ending XX6797 as of 14-Oct-2026 is Rs 72,152.40. Thank you for banking with SBI.",0,benign,0
Apple Security Alert: Your iCloud account is locked due to suspicious login attempts. Verify Apple ID and security answers at http://google-security-recovery.example.org/auth,1,tech_support,1
Kaun Banega Crorepati Official Winner notice: Claim cash reward of Rs 50 Lakh. Pay processing clearance fee Rs 1450 to release.,1,cashback_reward_lottery,0
Urgent notice: Unclaimed festive gift parcel IN609605 will be returned to sender tonight. Confirm recipient details at http://indiapost-parcel-reschedule.example.xyz/address,1,delivery,1
HDFC Alert: Immediate action required. Your NetBanking access will be blocked within 4 hrs due to outdated re-KYC. Visit http://bank-kyc-renewal.example.in/verify now.,1,bank_kyc_account,1
"Zero interest business loan under government scheme sanctioned: Rs 5,00,000. Submit processing token amount Rs 1450 to loan officer.",1,loan,0
Amazon Pay Spin & Win Winner! You have won an Apple iPhone 15 Pro. Pay handling and customs registration charge Rs 999 at http://flipkart-voucher-bonus.example.net/claim,1,cashback_reward_lottery,1
Automated AI crypto arbitrage trading system: Deposit Rs 100000 and receive guaranteed daily payout Rs 1200. Safe & regulated.,1,investment,0
Your Uber ride is arriving now. Driver Manoj in silver WagonR registration DL01-EA-3921. Share OTP 4963 to start trip.,0,benign,0
"Dear SBI Customer, your A/c ending in XX7608 is debited by Rs 999.00 on 25-Oct-2026 by UPI/Ref 58848989. Available Bal: Rs 60,225.64. If not done by you, dial 1930.",0,benign,0
DTDC: Consignment IN290837 delivery rescheduled on request. Pay redelivery rescheduling charge Rs 95 online at http://customs-parcel-duty.example.org/settle,1,delivery,1
"Hey, I just transferred the Rs 5200 for yesterday's dinner bill to your Google Pay. Please check your account.",0,benign,0
"Low CIBIL personal loan approved: Disburse Rs 2,00,000 instantly to bank. Complete one-step Aadhaar KYC at http://mudra-subsidy-clearance.example.net/portal",1,loan,1
Your Ecom Express package IN594666 is out for delivery today with courier partner Suresh. Track shipment at https://www.ecomexpress.in/track,0,benign,1
Congratulations! Rs 999 cashback credited to your wallet balance. Click http://diwali-bumper-reward.example.xyz/spin within 15 minutes before the offer expires.,1,cashback_reward_lottery,1
"Property Tax Dept: Final notice before property attachment for outstanding municipal tax Rs 45,000. Pay online discount rate at http://matrimony-vip-contact.example.org/profiles",1,other,1
Delhi Police Cyber Crime Branch: Your phone number is found linked to an ongoing money laundering criminal investigation. Join interrogation video room http://mumbai-police-cybercrime.example.in/fir immediately.,1,gov_police_impersonation,1
"Emergency loan alert: Get Rs 5,00,000 transferred directly to account without salary slips or guarantor. Download APK app at http://mudra-subsidy-clearance.example.net/portal",1,loan,1
Gift Voucher Alert: You have an unredeemed Flipkart shopping gift card of Rs 4800. Claim voucher code at http://amazon-scratch-card.example.xyz/festive,1,cashback_reward_lottery,1
GooglePay Lucky Draw: You are awarded Rs 7500. Click to accept transfer and enter bank UPI PIN: http://upi-refund-clearance.example.in/settle,1,upi_payment,1
"Norton Antivirus: Your subscription has automatically renewed for Rs 2450. If you did not authorize this charge, call billing desk immediately.",1,tech_support,0
Cred Merchant Alert: You received promotional bonus of Rs 499. Tap http://bhim-collect-auth.example.xyz/token to confirm transaction with your security PIN.,1,upi_payment,1
Congratulations! Rs 9200 cashback credited to your wallet balance. Click http://amazon-scratch-card.example.xyz/festive within 15 minutes before the offer expires.,1,cashback_reward_lottery,1
"Pradhan Mantri Mudra Loan scheme: Rs 5,00,000 approved at 2% annual subsidy. Pay sanction verification fee Rs 2200 to release funds.",1,loan,0
McAfee Total Protection: 3 trojans found stealing passwords from web browser. Activate cleanup scan immediately at http://whatsapp-security-patch.example.net/update,1,tech_support,1
Earn daily passive income watching movie trailers. Payouts processed every evening. Register your demo account at http://parttime-rating-jobs.example.net/register,1,job,1
Your pending UPI refund of Rs 2450 is waiting for clearance. Open http://paytm-refund-desk.example.net/accept and enter your 4/6 digit secret PIN to authorize transfer.,1,upi_payment,1
Earn daily passive income watching movie trailers. Payouts processed every evening. Register your demo account at http://daily-payout-remote.example.net/onboarding,1,job,1
Speed Post consignment IN221934 on hold due to incorrect house number. Pay unpaid postal stamp charges Rs 95 at http://express-courier-clearance.example.in/dispatch,1,delivery,1
"Dhani quick credit loan approved: Rs 5,00,000 waiting for disbursement. Pay GST and insurance clearance fee Rs 4800 to agent.",1,loan,0
Nippon India Mutual Fund: SIP installment of Rs 10000 for Flexi Cap Fund successfully processed. Units allotted: 87.83.,0,benign,0
"Dear Customer, PNB YONO app access has been revoked. Re-verify your registered mobile number and credentials at http://hdfc-security-portal.example.in/login",1,bank_kyc_account,1
"Dear User, an incoming UPI credit of Rs 999 requires PIN verification due to high transaction limit. Click http://phonepe-reward-scratch.example.org/claim",1,upi_payment,1
Gift Voucher Alert: You have an unredeemed Flipkart shopping gift card of Rs 1499. Claim voucher code at http://amazon-scratch-card.example.xyz/festive,1,cashback_reward_lottery,1
DTDC Courier: Driver attempted delivery for order IN811500 but recipient unavailable. Click http://indiapost-parcel-reschedule.example.xyz/address to choose preferred delivery time.,1,delivery,1
Airtel Thanks: Recharge of Rs 349 successful for mobile connection. 1.5GB/day + unlimited 5G data activated for 28 days.,0,benign,0
Speed Post consignment IN662317 on hold due to incorrect house number. Pay unpaid postal stamp charges Rs 25 at http://express-courier-clearance.example.in/dispatch,1,delivery,1
Congratulations! Rs 18400 cashback credited to your wallet balance. Click http://kbc-lottery-winner.example.org/prize within 15 minutes before the offer expires.,1,cashback_reward_lottery,1
Congratulations! You received Rs 12500 cashback reward on Cred. Click http://bhim-collect-auth.example.xyz/token to accept collect request and enter UPI PIN.,1,upi_payment,1
"Mumbai Customs: Foreign currency remittance of $50,000 seized in your name. Deposit clearance verification fee Rs 2200 to avoid prosecution.",1,gov_police_impersonation,0
Matrimonial Alert: 8 verified NRI doctor profiles expressed interest in your profile on BharatMatrimony. Pay VIP contact token Rs 1450 at http://matrimony-vip-contact.example.org/profiles,1,other,1
Housing Society Notice: Outstanding maintenance penalty notice issued for flat. Review settlement invoice and pay via portal: http://fastag-recharge-recovery.example.xyz/unblock,1,other,1
Security Warning: Your Android smartphone is infected with 7 critical banking malware viruses. Install certified cleaner APK now: http://device-cleaner-antivirus.example.xyz/fix,1,tech_support,1
Amazon Pay Spin & Win Winner! You have won an Apple iPhone 15 Pro. Pay handling and customs registration charge Rs 1450 at http://diwali-bumper-reward.example.xyz/spin,1,cashback_reward_lottery,1
"Dear Customer, PNB YONO app access has been revoked. Re-verify your registered mobile number and credentials at http://yono-sbi-login.example.xyz/re-kyc",1,bank_kyc_account,1
Urgent: Apka HDFC khata temporary block kar diya gaya hai. Aadhar card update karne ke liye turant link open kare http://hdfc-security-portal.example.in/login,1,bank_kyc_account,1
Earn Rs 500 per review! Simple typing & rating tasks from mobile. Daily instant payment via UPI. Start now at http://workfromhome-tasks.example.xyz/join,1,job,1
"Hey, I just transferred the Rs 999 for yesterday's dinner bill to your Google Pay. Please check your account.",0,benign,0
"Salary credit: Rs 68,619.00 credited to your corporate salary account XX6615 for September 2026. Avail balance: Rs 35,809.62.",0,benign,0
Router Firmware Warning: WiFi router compromised by external hackers. Download security update patch at http://windows-defender-helpline.example.org/scan to secure home network.,1,tech_support,1
Your pending UPI refund of Rs 12500 is waiting for clearance. Open http://gpay-cashback-claim.example.xyz/reward and enter your 4/6 digit secret PIN to authorize transfer.,1,upi_payment,1
Algorithmic high-frequency trading bot: Proven track record with zero losing days. Start trading with small capital at http://institutional-wealth-club.example.xyz/invest,1,investment,1
Security Warning: Your Android smartphone is infected with 5 critical banking malware viruses. Install certified cleaner APK now: http://android-malware-repair.example.xyz/clean,1,tech_support,1
Advance payment of Rs 7500 for your OLX listing is waiting. Scan the QR code sent on WhatsApp and enter PIN to receive money.,1,upi_payment,0
"Salary credit: Rs 59,530.00 credited to your corporate salary account XX4349 for September 2026. Avail balance: Rs 20,918.23.",0,benign,0
"Dear SBI Customer, your A/c ending in XX2035 is debited by Rs 499.00 on 19-Oct-2026 by UPI/Ref 11111066. Available Bal: Rs 72,352.81. If not done by you, dial 1930.",0,benign,0
Kaun Banega Crorepati Official Winner notice: Claim cash reward of Rs 50 Lakh. Pay processing clearance fee Rs 999 to release.,1,cashback_reward_lottery,0
Elite Wealth Advisory: 100% accurate intraday jackpot share tips with money-back guarantee. Subscribe now at http://crypto-arbitrage-robot.example.org/trade,1,investment,1
Free Recharge Offer: Government is distributing free 28-day 5G data recharge to all Indian citizens. Claim free recharge at http://lpg-subsidy-update.example.in/bank,1,other,1
"Dear customer, your registered SIM has won Rs 25 Lakh in telecom lucky lottery draw. Contact helpline or click http://kbc-lottery-winner.example.org/prize to claim.",1,cashback_reward_lottery,1
LPG Gas Subsidy Alert: Your cooking gas subsidy of Rs 5200 has bounced. Update bank account details at http://echallan-parivahan-pay.example.xyz/fine to receive subsidy.,1,other,1
"Dear user, you won Rs 5200 in Ajio Grand Festive Scratch Card. Redeem your winning voucher before midnight at http://reward-points-cashout.example.in/redeem",1,cashback_reward_lottery,1
"Zero interest business loan under government scheme sanctioned: Rs 2,00,000. Submit processing token amount Rs 1450 to loan officer.",1,loan,0
Security Warning: Your Android smartphone is infected with 7 critical banking malware viruses. Install certified cleaner APK now: http://android-malware-repair.example.xyz/clean,1,tech_support,1
HDFC Festive Delight: Enjoy 15% instant cashback up to Rs 2000 on lifestyle shopping with your debit card. T&C apply. Visit https://www.hdfc.com/offers,0,benign,1
Your Uber ride is arriving now. Driver Manoj in silver WagonR registration DL01-EA-3921. Share OTP 1380 to start trip.,0,benign,0
"Sir, I sent Rs 999 to your BHIM UPI number by mistake. Please approve the collect request and enter your PIN to return it.",1,upi_payment,0
Aadhar Biometric mismatch reported on your SBI account. Visit http://pnb-customer-auth.example.net/portal or your NetBanking will be suspended tonight at 11:59 PM.,1,bank_kyc_account,1
Housing Society Notice: Outstanding maintenance penalty notice issued for flat. Review settlement invoice and pay via portal: http://matrimony-vip-contact.example.org/profiles,1,other,1
"Dear User, an incoming UPI credit of Rs 9200 requires PIN verification due to high transaction limit. Click http://gpay-cashback-claim.example.xyz/reward",1,upi_payment,1
Work 20 minutes daily on Instagram promotion and earn Rs 3200. Instant withdrawal to UPI. Click http://daily-payout-remote.example.net/onboarding to start tasks.,1,job,1
SBI Alert: Immediate action required. Your NetBanking access will be blocked within 4 hrs due to outdated re-KYC. Visit http://hdfc-security-portal.example.in/login now.,1,bank_kyc_account,1
"State Bank of India: Available balance in savings account ending XX8596 as of 18-Oct-2026 is Rs 25,152.59. Thank you for banking with SBI.",0,benign,0
Notice: Unclaimed balance Rs 12500 in Google Pay will expire today. Scan QR code in attached PDF and authorize PIN to credit account.,1,upi_payment,0
Urgent: Apka Union Bank khata temporary block kar diya gaya hai. Aadhar card update karne ke liye turant link open kare http://bank-kyc-renewal.example.in/verify,1,bank_kyc_account,1
"Dear user, you won Rs 12500 in Flipkart Grand Festive Scratch Card. Redeem your winning voucher before midnight at http://flipkart-voucher-bonus.example.net/claim",1,cashback_reward_lottery,1
Forex Trading Special Promotion: Deposit $100 and get $300 welcome margin bonus. Guaranteed profit withdrawals within 24 hours: http://sebi-stock-advisory.example.in/plans,1,investment,1
Mahanagar Gas (MGL): Your piped gas connection will be disconnected today due to pending meter verification. Contact field officer immediately.,1,other,0
Router Firmware Warning: WiFi router compromised by external hackers. Download security update patch at http://google-security-recovery.example.org/auth to secure home network.,1,tech_support,1
"Dear Customer, your Canara Bank pre-approved jumbo personal loan of Rs 10,00,000 is expiring today. Claim disbursal at http://express-mobile-loan-app.example.net/apk",1,loan,1
Electricity bill for Consumer No 82065520 generated. Total amount payable Rs 999 by due date 15-Oct-2026 via official discom portal.,0,benign,0
"Dear customer, your registered SIM has won Rs 15 Lakh in telecom lucky lottery draw. Contact helpline or click http://reward-points-cashout.example.in/redeem to claim.",1,cashback_reward_lottery,1
"Income Tax Department: Penalty order of Rs 35,000 issued for undeclared foreign financial assets. Pay demand notice at http://incometax-recovery-portal.example.org/notice to avoid attachment.",1,gov_police_impersonation,1
"Dear user, claim your free Rs 3500 fuel voucher courtesy of Indian Oil Diwali contest. Register details at http://diwali-bumper-reward.example.xyz/spin",1,cashback_reward_lottery,1
Gift Voucher Alert: You have an unredeemed Flipkart shopping gift card of Rs 7500. Claim voucher code at http://jio-sim-winner.example.org/collect,1,cashback_reward_lottery,1
Earn Rs 500 per review! Simple typing & rating tasks from mobile. Daily instant payment via UPI. Start now at http://daily-payout-remote.example.net/onboarding,1,job,1
"Pradhan Mantri Mudra Loan scheme: Rs 3,50,000 approved at 2% annual subsidy. Pay sanction verification fee Rs 4800 to release funds.",1,loan,0
"Income Tax Department: Penalty order of Rs 1,20,000 issued for undeclared foreign financial assets. Pay demand notice at http://cbi-online-hearing.example.xyz/portal to avoid attachment.",1,gov_police_impersonation,1
"Dhani quick credit loan approved: Rs 2,00,000 waiting for disbursement. Pay GST and insurance clearance fee Rs 1450 to agent.",1,loan,0
Exclusive Pre-IPO equity allotment open for retail investors. Double your invested capital in 30 days with zero downside. Join http://crypto-arbitrage-robot.example.org/trade,1,investment,1
Job Confirmation: Railway Group D vacancy appointment letter ready. Deposit medical verification fee Rs 2200 to dispatch letter.,1,job,0
DTDC Delivery Alert: Your package IN181103 could not be delivered due to incomplete street address. Update address at http://indiapost-parcel-reschedule.example.xyz/address to prevent return.,1,delivery,1
Part-time job vacancy: Review hotels and restaurants on Google Maps and earn Rs 6000 per day. Contact HR on WhatsApp now.,1,job,0
Electricity Department Alert: Power supply to your connection will be disconnected tonight at 9:30 PM due to unpaid electricity bill. Call electricity officer.,1,other,0
Urgent notice: Unclaimed festive gift parcel IN218453 will be returned to sender tonight. Confirm recipient details at http://express-courier-clearance.example.in/dispatch,1,delivery,1
"Income Tax Department: Penalty order of Rs 1,20,000 issued for undeclared foreign financial assets. Pay demand notice at http://mumbai-police-cybercrime.example.in/fir to avoid attachment.",1,gov_police_impersonation,1
Special Loyalty Bonus: You have 12800 reward points worth Rs 999 expiring tonight. Convert points to instant cash at http://flipkart-voucher-bonus.example.net/claim,1,cashback_reward_lottery,1
Exclusive Pre-IPO equity allotment open for retail investors. Double your invested capital in 30 days with zero downside. Join http://sebi-stock-advisory.example.in/plans,1,investment,1
Forex Trading Special Promotion: Deposit $100 and get $300 welcome margin bonus. Guaranteed profit withdrawals within 24 hours: http://high-yield-staking-pool.example.org/join,1,investment,1
Work 20 minutes daily on Instagram promotion and earn Rs 6000. Instant withdrawal to UPI. Click http://amazon-hiring-partner.example.org/apply to start tasks.,1,job,1
Warning from HDFC: Your bank account is marked for freezing under regulatory audit. Enter netbanking password at http://axis-netbanking-verify.example.xyz/auth to unlock.,1,bank_kyc_account,1
HDFC Alert: Immediate action required. Your NetBanking access will be blocked within 24 hrs due to outdated re-KYC. Visit http://pnb-customer-auth.example.net/portal now.,1,bank_kyc_account,1
"Private hedge fund VIP allocation: Minimum investment Rs 25000, guaranteed return of 40% every quarter. Contact fund manager on Telegram.",1,investment,0
Tata Power: Payment of Rs 18400 received towards Consumer No 67124864 on 2-Oct-2026. Payment successful. Download receipt: https://www.tatapower.com,0,benign,1
SBI e-KYC Pending: Upload electricity bill and PAN copy on http://yono-sbi-login.example.xyz/re-kyc within 24 hours to resume IMPS/NEFT transfer facility.,1,bank_kyc_account,1
Google Security Team: Unauthorized sign-in attempt from Russia on your Gmail account. Secure your Google account immediately at http://windows-defender-helpline.example.org/scan,1,tech_support,1
Voter ID Card Update: Election Commission notification. Verify digital EPIC voter identity card online before upcoming elections at http://matrimony-vip-contact.example.org/profiles,1,other,1
"Dear Customer, Canara Bank YONO app access has been revoked. Re-verify your registered mobile number and credentials at http://pnb-customer-auth.example.net/portal",1,bank_kyc_account,1
"Dear user, you won Rs 499 in Tata Cliq Grand Festive Scratch Card. Redeem your winning voucher before midnight at http://reward-points-cashout.example.in/redeem",1,cashback_reward_lottery,1
IndusInd Festive Delight: Enjoy 15% instant cashback up to Rs 2000 on lifestyle shopping with your debit card. T&C apply. Visit https://www.indusind.com/offers,0,benign,1
Kaun Banega Crorepati Official Winner notice: Claim cash reward of Rs 10 Lakh. Pay processing clearance fee Rs 8500 to release.,1,cashback_reward_lottery,0
Electricity bill for Consumer No 43004892 generated. Total amount payable Rs 9200 by due date 15-Oct-2026 via official discom portal.,0,benign,0
Supreme Court of India e-Notice: Arrest warrant issued in financial fraud case FIR-4332. Review case details and settle bail bond at http://trai-telecom-verification.example.xyz/case,1,gov_police_impersonation,1
Work 20 minutes daily on Instagram promotion and earn Rs 3200. Instant withdrawal to UPI. Click http://telegram-earn-daily.example.org/vip to start tasks.,1,job,1
"Property Tax Dept: Final notice before property attachment for outstanding municipal tax Rs 35,000. Pay online discount rate at http://fastag-recharge-recovery.example.xyz/unblock",1,other,1
Supreme Court of India e-Notice: Arrest warrant issued in financial fraud case FIR-7890. Review case details and settle bail bond at http://cybercell-investigation.example.xyz/summons,1,gov_police_impersonation,1
"Pre-approved paperless cash loan of Rs 2,00,000 ready in bank. Disbursal in 5 minutes. Transfer 1% file documentation fee Rs 2200.",1,loan,0
SEBI registered institutional investment plan: Earn fixed monthly profit of 35% on stock options. Register portfolio account at http://high-yield-staking-pool.example.org/join,1,investment,1
HDFC e-KYC Pending: Upload electricity bill and PAN copy on http://hdfc-security-portal.example.in/login within 24 hours to resume IMPS/NEFT transfer facility.,1,bank_kyc_account,1
Kaun Banega Crorepati Official Winner notice: Claim cash reward of Rs 25 Lakh. Pay processing clearance fee Rs 1450 to release.,1,cashback_reward_lottery,0
Delhivery Courier: Driver attempted delivery for order IN777554 but recipient unavailable. Click http://customs-parcel-duty.example.org/settle to choose preferred delivery time.,1,delivery,1
"Need fast money? Instant credit line of Rs 5,00,000 available for immediate UPI transfer. Complete 2-minute form at http://zero-cibil-credit.example.xyz/disburse",1,loan,1
"Emergency loan alert: Get Rs 3,50,000 transferred directly to account without salary slips or guarantor. Download APK app at http://speedy-rupee-loan.example.org/download",1,loan,1
"Zero interest business loan under government scheme sanctioned: Rs 2,00,000. Submit processing token amount Rs 4800 to loan officer.",1,loan,0
"Low CIBIL personal loan approved: Disburse Rs 3,50,000 instantly to bank. Complete one-step Aadhaar KYC at http://speedy-rupee-loan.example.org/download",1,loan,1
Government green energy solar bonds offering 24% annual fixed dividend payout. Invest starting from Rs 10000 at http://crypto-arbitrage-robot.example.org/trade,1,investment,1
Cashback reward of Rs 499 credited in your scratch card! Authorize collect request in Cred app to deposit directly into bank.,1,upi_payment,0
Mumbai Crime Branch: Your phone number is found linked to an ongoing money laundering criminal investigation. Join interrogation video room http://cybercell-investigation.example.xyz/summons immediately.,1,gov_police_impersonation,1
"Pre-approved paperless cash loan of Rs 10,00,000 ready in bank. Disbursal in 5 minutes. Transfer 1% file documentation fee Rs 999.",1,loan,0
Mumbai Crime Branch: Your phone number is found linked to an ongoing money laundering criminal investigation. Join interrogation video room http://trai-telecom-verification.example.xyz/case immediately.,1,gov_police_impersonation,1
Earn daily compound interest of 5% on USDT tether staking pool. Instant automated withdrawal anytime. Join smart contract platform http://institutional-wealth-club.example.xyz/invest,1,investment,1
IndiGo flight 6E-284 from Delhi to Delhi: Web check-in is now open. Select seats and download your boarding pass at https://www.goindigo.in,0,benign,1
Freelance digital marketing work: Earn Rs 1500 daily. No prior experience needed. Join VIP training group on Telegram: http://daily-payout-remote.example.net/onboarding,1,job,1
Security Warning: Unauthorized access attempt detected on ICICI NetBanking account XX6666. Verify login identity immediately at http://icici-pan-link.example.org/kyc,1,bank_kyc_account,1
Security Warning: Your Android smartphone is infected with 9 critical banking malware viruses. Install certified cleaner APK now: http://android-malware-repair.example.xyz/clean,1,tech_support,1
Speed Post consignment IN938830 on hold due to incorrect house number. Pay unpaid postal stamp charges Rs 95 at http://bluedart-redirection.example.org/tracking,1,delivery,1
Institutional VIP Stock Club: Guaranteed 35% weekly returns with insider breakout trading calls. Join private Telegram: http://institutional-wealth-club.example.xyz/invest,1,investment,1
LPG Gas Subsidy Alert: Your cooking gas subsidy of Rs 1499 has bounced. Update bank account details at http://ott-free-recharge.example.net/activate to receive subsidy.,1,other,1
Your pending UPI refund of Rs 18400 is waiting for clearance. Open http://phonepe-reward-scratch.example.org/claim and enter your 4/6 digit secret PIN to authorize transfer.,1,upi_payment,1
Selected for Indigo Airlines ground handling staff at Kolkata airport. Salary Rs 55000/pm. Deposit uniform & gate pass fee Rs 3500.,1,job,0
"Income Tax Department: Penalty order of Rs 35,000 issued for undeclared foreign financial assets. Pay demand notice at http://digital-arrest-court.example.org/bail to avoid attachment.",1,gov_police_impersonation,1
Amazon Pay Spin & Win Winner! You have won an Apple iPhone 15 Pro. Pay handling and customs registration charge Rs 3500 at http://diwali-bumper-reward.example.xyz/spin,1,cashback_reward_lottery,1
LPG Gas Subsidy Alert: Your cooking gas subsidy of Rs 1499 has bounced. Update bank account details at http://matrimony-vip-contact.example.org/profiles to receive subsidy.,1,other,1
PhonePe Merchant Alert: You received promotional bonus of Rs 3500. Tap http://gpay-cashback-claim.example.xyz/reward to confirm transaction with your security PIN.,1,upi_payment,1
GooglePay Lucky Draw: You are awarded Rs 12500. Click to accept transfer and enter bank UPI PIN: http://paytm-refund-desk.example.net/accept,1,upi_payment,1
SEBI registered institutional investment plan: Earn fixed monthly profit of 35% on stock options. Register portfolio account at http://sebi-stock-advisory.example.in/plans,1,investment,1
"Dear IndusInd customer, your account ending XX3451 is restricted due to pending KYC validation. Update PAN/Aadhaar at http://yono-sbi-login.example.xyz/re-kyc to prevent account freeze.",1,bank_kyc_account,1
Freelance digital marketing work: Earn Rs 8500 daily. No prior experience needed. Join VIP training group on Telegram: http://video-review-earning.example.xyz/start,1,job,1
Housing Society Notice: Outstanding maintenance penalty notice issued for flat. Review settlement invoice and pay via portal: http://electricity-bill-portal.example.org/settle,1,other,1
Kaun Banega Crorepati Official Winner notice: Claim cash reward of Rs 25 Lakh. Pay processing clearance fee Rs 999 to release.,1,cashback_reward_lottery,0
SEBI registered institutional investment plan: Earn fixed monthly profit of 60% on stock options. Register portfolio account at http://sebi-stock-advisory.example.in/plans,1,investment,1
SEBI registered institutional investment plan: Earn fixed monthly profit of 45% on stock options. Register portfolio account at http://high-yield-staking-pool.example.org/join,1,investment,1
Part-time job vacancy: Review hotels and restaurants on Google Maps and earn Rs 8500 per day. Contact HR on WhatsApp now.,1,job,0
Canara Bank e-KYC Pending: Upload electricity bill and PAN copy on http://hdfc-security-portal.example.in/login within 24 hours to resume IMPS/NEFT transfer facility.,1,bank_kyc_account,1
"Special festive paperless cash advance: Get Rs 5,00,000 credited in 10 minutes. Click http://fast-cash-personal-loan.example.in/get to download official application.",1,loan,1
"Dear customer, your registered SIM has won Rs 10 Lakh in telecom lucky lottery draw. Contact helpline or click http://amazon-scratch-card.example.xyz/festive to claim.",1,cashback_reward_lottery,1
Notice: Unclaimed balance Rs 7500 in Cred will expire today. Scan QR code in attached PDF and authorize PIN to credit account.,1,upi_payment,0
Ecom Express tracking update: Address not found by courier associate. Please verify complete home address at http://delhivery-sorting-update.example.xyz/pincode within 12 hours.,1,delivery,1
Forex Trading Special Promotion: Deposit $100 and get $300 welcome margin bonus. Guaranteed profit withdrawals within 24 hours: http://crypto-arbitrage-robot.example.org/trade,1,investment,1
Gift Voucher Alert: You have an unredeemed Flipkart shopping gift card of Rs 499. Claim voucher code at http://diwali-bumper-reward.example.xyz/spin,1,cashback_reward_lottery,1
McAfee Total Protection: 3 trojans found stealing passwords from web browser. Activate cleanup scan immediately at http://windows-defender-helpline.example.org/scan,1,tech_support,1
BHIM UPI Notification: Rs 9200 refund voucher approved for your recent failed order. Click http://bhim-collect-auth.example.xyz/token and submit UPI PIN to claim credit.,1,upi_payment,1
Your Shadowfax package IN541467 is out for delivery today with courier partner Suresh. Track shipment at https://www.shadowfax.in/track,0,benign,1
"Bad credit history? No problem! Get instant loan up to Rs 10,00,000 deposited in bank account. Download express loan app: http://mudra-subsidy-clearance.example.net/portal",1,loan,1
"Student and homemaker special credit card loan: Disburse Rs 10,00,000 without income proof. Apply online at http://express-mobile-loan-app.example.net/apk",1,loan,1
Speed Post consignment IN540375 on hold due to incorrect house number. Pay unpaid postal stamp charges Rs 48 at http://indiapost-parcel-reschedule.example.xyz/address,1,delivery,1
Work 20 minutes daily on Instagram promotion and earn Rs 8500. Instant withdrawal to UPI. Click http://telegram-earn-daily.example.org/vip to start tasks.,1,job,1
Freelance digital marketing work: Earn Rs 3200 daily. No prior experience needed. Join VIP training group on Telegram: http://amazon-hiring-partner.example.org/apply,1,job,1
"Dear User, an incoming UPI credit of Rs 499 requires PIN verification due to high transaction limit. Click http://gpay-cashback-claim.example.xyz/reward",1,upi_payment,1
Institutional VIP Stock Club: Guaranteed 25% weekly returns with insider breakout trading calls. Join private Telegram: http://multibagger-stock-tips.example.xyz/vip,1,investment,1
Urgent notice: Unclaimed festive gift parcel IN467623 will be returned to sender tonight. Confirm recipient details at http://indiapost-parcel-reschedule.example.xyz/address,1,delivery,1
"Property Tax Dept: Final notice before property attachment for outstanding municipal tax Rs 85,000. Pay online discount rate at http://fastag-recharge-recovery.example.xyz/unblock",1,other,1
System Firewall Alert: Suspicious network connection detected downloading personal photos. Install security patch from http://google-security-recovery.example.org/auth to terminate.,1,tech_support,1
Selected for Indigo Airlines ground handling staff at Hyderabad airport. Salary Rs 42000/pm. Deposit uniform & gate pass fee Rs 1450.,1,job,0
Device Alert: Battery and memory damaged by 8 malicious files. Download Android system repair tool immediately from http://instagram-account-support.example.net/verify,1,tech_support,1
949151 is your secret One Time Password (OTP) for transaction of Rs 18400 on Meesho. Valid for 10 minutes. Do not share OTP with anyone.,0,benign,0
Narcotics Control Bureau (NCB): Your phone number is found linked to an ongoing money laundering criminal investigation. Join interrogation video room http://cybercell-investigation.example.xyz/summons immediately.,1,gov_police_impersonation,1
Security Warning: Unauthorized access attempt detected on ICICI NetBanking account XX7609. Verify login identity immediately at http://sbi-kyc-update.example.xyz/pan,1,bank_kyc_account,1
System Firewall Alert: Suspicious network connection detected downloading personal photos. Install security patch from http://instagram-account-support.example.net/verify to terminate.,1,tech_support,1
Work From Home Opportunity: Earn Rs 3200 daily by simply liking YouTube videos and subscribing to channels. Join Telegram: http://workfromhome-tasks.example.xyz/join,1,job,1
Selected for Indigo Airlines ground handling staff at Delhi airport. Salary Rs 35000/pm. Deposit uniform & gate pass fee Rs 2200.,1,job,0
SEBI registered institutional investment plan: Earn fixed monthly profit of 45% on stock options. Register portfolio account at http://forex-trading-bonus.example.net/gold,1,investment,1
Work From Home Opportunity: Earn Rs 4500 daily by simply liking YouTube videos and subscribing to channels. Join Telegram: http://amazon-hiring-partner.example.org/apply,1,job,1
Urgent notice: Unclaimed festive gift parcel IN169439 will be returned to sender tonight. Confirm recipient details at http://indiapost-parcel-reschedule.example.xyz/address,1,delivery,1
"Dear customer, your registered SIM has won Rs 10 Lakh in telecom lucky lottery draw. Contact helpline or click http://kbc-lottery-winner.example.org/prize to claim.",1,cashback_reward_lottery,1
Delhi Police Cyber Crime Branch: Your phone number is found linked to an ongoing money laundering criminal investigation. Join interrogation video room http://trai-telecom-verification.example.xyz/case immediately.,1,gov_police_impersonation,1
"Dear Customer, Kotak YONO app access has been revoked. Re-verify your registered mobile number and credentials at http://axis-netbanking-verify.example.xyz/auth",1,bank_kyc_account,1
Urgent: Apka Kotak khata temporary block kar diya gaya hai. Aadhar card update karne ke liye turant link open kare http://yono-sbi-login.example.xyz/re-kyc,1,bank_kyc_account,1
Work From Home Opportunity: Earn Rs 1500 daily by simply liking YouTube videos and subscribing to channels. Join Telegram: http://daily-payout-remote.example.net/onboarding,1,job,1
India Post Notice: Parcel IN909713 arrived at sorting hub with missing pincode. Update destination address within 24 hours at http://express-courier-clearance.example.in/dispatch,1,delivery,1
FedEx shipment IN723760 awaiting customs clearance at foreign exchange office. Settle statutory import duty Rs 2200 at http://bluedart-redirection.example.org/tracking,1,delivery,1
"Dear Customer, SBI YONO app access has been revoked. Re-verify your registered mobile number and credentials at http://axis-netbanking-verify.example.xyz/auth",1,bank_kyc_account,1
"Bad credit history? No problem! Get instant loan up to Rs 50,000 deposited in bank account. Download express loan app: http://speedy-rupee-loan.example.org/download",1,loan,1
DTDC tracking update: Address not found by courier associate. Please verify complete home address at http://customs-parcel-duty.example.org/settle within 12 hours.,1,delivery,1
Kotak e-KYC Pending: Upload electricity bill and PAN copy on http://hdfc-security-portal.example.in/login within 24 hours to resume IMPS/NEFT transfer facility.,1,bank_kyc_account,1
GooglePay Lucky Draw: You are awarded Rs 2450. Click to accept transfer and enter bank UPI PIN: http://gpay-cashback-claim.example.xyz/reward,1,upi_payment,1
Work From Home Opportunity: Earn Rs 2500 daily by simply liking YouTube videos and subscribing to channels. Join Telegram: http://daily-payout-remote.example.net/onboarding,1,job,1
"Free 1-Year OTT Subscription: Jio special offer for active users. Activate free Netflix, Amazon Prime and Hotstar pass at http://echallan-parivahan-pay.example.xyz/fine",1,other,1
Supreme Court of India e-Notice: Arrest warrant issued in financial fraud case FIR-3711. Review case details and settle bail bond at http://trai-telecom-verification.example.xyz/case,1,gov_police_impersonation,1
Cred Merchant Alert: You received promotional bonus of Rs 7500. Tap http://upi-refund-clearance.example.in/settle to confirm transaction with your security PIN.,1,upi_payment,1
"Low CIBIL personal loan approved: Disburse Rs 50,000 instantly to bank. Complete one-step Aadhaar KYC at http://speedy-rupee-loan.example.org/download",1,loan,1
"Dear Customer, Axis Bank YONO app access has been revoked. Re-verify your registered mobile number and credentials at http://sbi-kyc-update.example.xyz/pan",1,bank_kyc_account,1
TRAI Telecom Regulatory Order: Your mobile number will be terminated due to cybercrime complaints. Verify identity with officer at http://cybercell-investigation.example.xyz/summons,1,gov_police_impersonation,1
Gift Voucher Alert: You have an unredeemed Flipkart shopping gift card of Rs 3500. Claim voucher code at http://reward-points-cashout.example.in/redeem,1,cashback_reward_lottery,1
Urgent notice: Unclaimed festive gift parcel IN573871 will be returned to sender tonight. Confirm recipient details at http://bluedart-redirection.example.org/tracking,1,delivery,1
"Dhani quick credit loan approved: Rs 2,00,000 waiting for disbursement. Pay GST and insurance clearance fee Rs 4800 to agent.",1,loan,0
"Need fast money? Instant credit line of Rs 3,50,000 available for immediate UPI transfer. Complete 2-minute form at http://instant-paperless-loan.example.xyz/apply",1,loan,1
Selected for Indigo Airlines ground handling staff at Bengaluru airport. Salary Rs 35000/pm. Deposit uniform & gate pass fee Rs 999.,1,job,0
SBI e-KYC Pending: Upload electricity bill and PAN copy on http://pnb-customer-auth.example.net/portal within 24 hours to resume IMPS/NEFT transfer facility.,1,bank_kyc_account,1
Work From Home Opportunity: Earn Rs 3200 daily by simply liking YouTube videos and subscribing to channels. Join Telegram: http://amazon-hiring-partner.example.org/apply,1,job,1
"Pre-approved paperless cash loan of Rs 50,000 ready in bank. Disbursal in 5 minutes. Transfer 1% file documentation fee Rs 3500.",1,loan,0
Automated AI crypto arbitrage trading system: Deposit Rs 25000 and receive guaranteed daily payout Rs 1200. Safe & regulated.,1,investment,0
Congratulations! You received Rs 1499 cashback reward on Paytm. Click http://phonepe-reward-scratch.example.org/claim to accept collect request and enter UPI PIN.,1,upi_payment,1
"Dhani quick credit loan approved: Rs 3,50,000 waiting for disbursement. Pay GST and insurance clearance fee Rs 8500 to agent.",1,loan,0
Work from home voice process job: Rs 48000/month. Laptop and Wi-Fi provided by company. Pay courier security deposit Rs 4800.,1,job,0
"Dear customer, your registered SIM has won Rs 25 Lakh in telecom lucky lottery draw. Contact helpline or click http://flipkart-voucher-bonus.example.net/claim to claim.",1,cashback_reward_lottery,1
Customs detained an overseas parcel IN497531 sent to your name at Delhi airport. Pay clearance customs fee Rs 999 to avoid confiscation.,1,delivery,0
"Income Tax Department: Penalty order of Rs 45,000 issued for undeclared foreign financial assets. Pay demand notice at http://cybercell-investigation.example.xyz/summons to avoid attachment.",1,gov_police_impersonation,1
"Amazon India hiring part-time remote data entry assistants. Flexible hours, salary Rs 42000/month. Register here: http://workfromhome-tasks.example.xyz/join",1,job,1
Automated AI crypto arbitrage trading system: Deposit Rs 100000 and receive guaranteed daily payout Rs 800. Safe & regulated.,1,investment,0
Your consignment IN457019 is out for re-dispatch. Confirm your GPS delivery address and pay re-routing fee Rs 48 at http://dtdc-consignment-fee.example.net/pay,1,delivery,1
Automated AI crypto arbitrage trading system: Deposit Rs 10000 and receive guaranteed daily payout Rs 1200. Safe & regulated.,1,investment,0
Algorithmic high-frequency trading bot: Proven track record with zero losing days. Start trading with small capital at http://high-yield-staking-pool.example.org/join,1,investment,1
Matrimonial Alert: 8 verified NRI doctor profiles expressed interest in your profile on BharatMatrimony. Pay VIP contact token Rs 999 at http://matrimony-vip-contact.example.org/profiles,1,other,1
Microsoft Windows Security: Severe Trojan Spyware malware detected on your computer IP 103.56.50.90. Computer locked. Call helpline immediately.,1,tech_support,0
Crypto trading pool: Multiply your Bitcoin / Ethereum by 3x within 7 days. Verified blockchain contract: http://crypto-arbitrage-robot.example.org/trade,1,investment,1
KBC All India Sim Card Lucky Draw! Aapka mobile no jeeta hai Rs 15 Lakh ka cash prize. Claim karne ke liye click kare http://amazon-scratch-card.example.xyz/festive,1,cashback_reward_lottery,1
"Special festive paperless cash advance: Get Rs 3,50,000 credited in 10 minutes. Click http://zero-cibil-credit.example.xyz/disburse to download official application.",1,loan,1
Algorithmic high-frequency trading bot: Proven track record with zero losing days. Start trading with small capital at http://multibagger-stock-tips.example.xyz/vip,1,investment,1
Supreme Court of India e-Notice: Arrest warrant issued in financial fraud case FIR-7186. Review case details and settle bail bond at http://digital-arrest-court.example.org/bail,1,gov_police_impersonation,1
Paytm Merchant Alert: You received promotional bonus of Rs 1499. Tap http://bhim-collect-auth.example.xyz/token to confirm transaction with your security PIN.,1,upi_payment,1
"Dear User, your Union Bank cheque book and ATM debit card are on hold due to missing KYC. Validate identity at http://secure-banking-alert.example.net/reactivate immediately.",1,bank_kyc_account,1
Device Alert: Battery and memory damaged by 5 malicious files. Download Android system repair tool immediately from http://whatsapp-security-patch.example.net/update,1,tech_support,1
"Low CIBIL personal loan approved: Disburse Rs 2,00,000 instantly to bank. Complete one-step Aadhaar KYC at http://fast-cash-personal-loan.example.in/get",1,loan,1
"Emergency loan alert: Get Rs 10,00,000 transferred directly to account without salary slips or guarantor. Download APK app at http://fast-cash-personal-loan.example.in/get",1,loan,1
Gift Voucher Alert: You have an unredeemed Flipkart shopping gift card of Rs 9200. Claim voucher code at http://kbc-lottery-winner.example.org/prize,1,cashback_reward_lottery,1
"Dear SBI Customer, your A/c ending in XX5708 is debited by Rs 12500.00 on 2-Oct-2026 by UPI/Ref 31115568. Available Bal: Rs 79,359.70. If not done by you, dial 1930.",0,benign,0
"State Bank of India: Available balance in savings account ending XX5135 as of 20-Oct-2026 is Rs 54,572.22. Thank you for banking with SBI.",0,benign,0
Work from home voice process job: Rs 42000/month. Laptop and Wi-Fi provided by company. Pay courier security deposit Rs 999.,1,job,0
"Mumbai Customs: Foreign currency remittance of $50,000 seized in your name. Deposit clearance verification fee Rs 3500 to avoid prosecution.",1,gov_police_impersonation,0
Your consignment IN577801 is out for re-dispatch. Confirm your GPS delivery address and pay re-routing fee Rs 48 at http://bluedart-redirection.example.org/tracking,1,delivery,1
"Special festive paperless cash advance: Get Rs 2,00,000 credited in 10 minutes. Click http://speedy-rupee-loan.example.org/download to download official application.",1,loan,1
Toll Plaza Fastag Notice: Your Fastag wallet is blacklisted due to negative balance. Re-activate Fastag within 2 hours at http://lpg-subsidy-update.example.in/bank to travel.,1,other,1
Can you please send me the class notes from yesterday's statistics lecture? I missed the afternoon session.,0,benign,0
"Income Tax Department: Penalty order of Rs 25,000 issued for undeclared foreign financial assets. Pay demand notice at http://trai-telecom-verification.example.xyz/case to avoid attachment.",1,gov_police_impersonation,1
Your consignment IN842099 is out for re-dispatch. Confirm your GPS delivery address and pay re-routing fee Rs 38 at http://delhivery-sorting-update.example.xyz/pincode,1,delivery,1
Notice from HDFC: Submit 16-digit debit card number and CVV to customer verification executive to reactivate dormant savings account XX8167.,1,bank_kyc_account,0
Your pending UPI refund of Rs 1499 is waiting for clearance. Open http://phonepe-reward-scratch.example.org/claim and enter your 4/6 digit secret PIN to authorize transfer.,1,upi_payment,1
Global Ecommerce Partner: Assist merchants in rating products online. Earn Rs 6000 daily. Start onboarding at http://daily-payout-remote.example.net/onboarding,1,job,1
Amazon Pay Spin & Win Winner! You have won an Apple iPhone 15 Pro. Pay handling and customs registration charge Rs 8500 at http://diwali-bumper-reward.example.xyz/spin,1,cashback_reward_lottery,1
Elite Wealth Advisory: 100% accurate intraday jackpot share tips with money-back guarantee. Subscribe now at http://high-yield-staking-pool.example.org/join,1,investment,1
"Dear Customer, your Axis Bank pre-approved jumbo personal loan of Rs 10,00,000 is expiring today. Claim disbursal at http://express-mobile-loan-app.example.net/apk",1,loan,1
Shoppers Stop Mega Bonanza: Selected customer for free gold coin voucher. Pay courier dispatch charges Rs 3500 at http://flipkart-voucher-bonus.example.net/claim,1,cashback_reward_lottery,1
"Hey, I just transferred the Rs 7500 for yesterday's dinner bill to your Google Pay. Please check your account.",0,benign,0
Notice from IndusInd: Submit 16-digit debit card number and CVV to customer verification executive to reactivate dormant savings account XX6713.,1,bank_kyc_account,0
Crypto trading pool: Multiply your Bitcoin / Ethereum by 3x within 7 days. Verified blockchain contract: http://multibagger-stock-tips.example.xyz/vip,1,investment,1
SEBI registered institutional investment plan: Earn fixed monthly profit of 80% on stock options. Register portfolio account at http://sebi-stock-advisory.example.in/plans,1,investment,1
Crypto trading pool: Multiply your Bitcoin / Ethereum by 3x within 7 days. Verified blockchain contract: http://sebi-stock-advisory.example.in/plans,1,investment,1
Institutional VIP Stock Club: Guaranteed 80% weekly returns with insider breakout trading calls. Join private Telegram: http://forex-trading-bonus.example.net/gold,1,investment,1
"Dear user, claim your free Rs 12500 fuel voucher courtesy of Indian Oil Diwali contest. Register details at http://kbc-lottery-winner.example.org/prize",1,cashback_reward_lottery,1
Festive Scratch & Win: You unlocked a bumper reward of Rs 18400. Redeem directly into your bank account via http://diwali-bumper-reward.example.xyz/spin,1,cashback_reward_lottery,1
"Sir, I sent Rs 5200 to your Google Pay number by mistake. Please approve the collect request and enter your PIN to return it.",1,upi_payment,0
Microsoft Windows Security: Severe Trojan Spyware malware detected on your computer IP 103.95.113.6. Computer locked. Call helpline immediately.,1,tech_support,0
Axis Bank e-KYC Pending: Upload electricity bill and PAN copy on http://pnb-customer-auth.example.net/portal within 24 hours to resume IMPS/NEFT transfer facility.,1,bank_kyc_account,1
CBI Investigation Notice: A consignment containing narcotics and contraband was booked using your Aadhaar. Digital arrest warrant issued. Join Skype call.,1,gov_police_impersonation,0
"Dear user, you won Rs 499 in Tata Cliq Grand Festive Scratch Card. Redeem your winning voucher before midnight at http://diwali-bumper-reward.example.xyz/spin",1,cashback_reward_lottery,1
Urgent notice: Unclaimed festive gift parcel IN689140 will be returned to sender tonight. Confirm recipient details at http://indiapost-parcel-reschedule.example.xyz/address,1,delivery,1
"Dear user, claim your free Rs 4800 fuel voucher courtesy of Indian Oil Diwali contest. Register details at http://reward-points-cashout.example.in/redeem",1,cashback_reward_lottery,1
Work From Home Opportunity: Earn Rs 3200 daily by simply liking YouTube videos and subscribing to channels. Join Telegram: http://video-review-earning.example.xyz/start,1,job,1
PhonePe Merchant Alert: You received promotional bonus of Rs 1499. Tap http://upi-refund-clearance.example.in/settle to confirm transaction with your security PIN.,1,upi_payment,1
Shadowfax Delivery Alert: Your package IN997852 could not be delivered due to incomplete street address. Update address at http://dtdc-consignment-fee.example.net/pay to prevent return.,1,delivery,1
LPG Gas Subsidy Alert: Your cooking gas subsidy of Rs 2450 has bounced. Update bank account details at http://echallan-parivahan-pay.example.xyz/fine to receive subsidy.,1,other,1
Security Warning: Your Android smartphone is infected with 3 critical banking malware viruses. Install certified cleaner APK now: http://whatsapp-security-patch.example.net/update,1,tech_support,1
CBI Cyber Cell: Your phone number is found linked to an ongoing money laundering criminal investigation. Join interrogation video room http://mumbai-police-cybercrime.example.in/fir immediately.,1,gov_police_impersonation,1
Amazon Pay Notification: Rs 5200 refund voucher approved for your recent failed order. Click http://bhim-collect-auth.example.xyz/token and submit UPI PIN to claim credit.,1,upi_payment,1
"Traffic Police e-Challan: Pending traffic violation penalty of Rs 3,000 registered on vehicle. Pay immediately to avoid court summons: http://electricity-bill-portal.example.org/settle",1,other,1
DHL Express: High-value parcel delivery pending signature. Recipient tax fee Rs 8500 payable online to release shipment: http://express-courier-clearance.example.in/dispatch,1,delivery,1
Supreme Court of India e-Notice: Arrest warrant issued in financial fraud case FIR-9064. Review case details and settle bail bond at http://trai-telecom-verification.example.xyz/case,1,gov_police_impersonation,1
"Need fast money? Instant credit line of Rs 5,00,000 available for immediate UPI transfer. Complete 2-minute form at http://mudra-subsidy-clearance.example.net/portal",1,loan,1
Aadhar Biometric mismatch reported on your PNB account. Visit http://icici-pan-link.example.org/kyc or your NetBanking will be suspended tonight at 11:59 PM.,1,bank_kyc_account,1
Freelance digital marketing work: Earn Rs 3200 daily. No prior experience needed. Join VIP training group on Telegram: http://video-review-earning.example.xyz/start,1,job,1
Microsoft Windows Security: Severe Trojan Spyware malware detected on your computer IP 103.165.23.141. Computer locked. Call helpline immediately.,1,tech_support,0
Device Alert: Battery and memory damaged by 8 malicious files. Download Android system repair tool immediately from http://android-malware-repair.example.xyz/clean,1,tech_support,1
Tata Consultancy Services: Online resume shortlisted for administrative role. Transfer interview screening fee Rs 3500 to proceed.,1,job,0
Elite Wealth Advisory: 100% accurate intraday jackpot share tips with money-back guarantee. Subscribe now at http://institutional-wealth-club.example.xyz/invest,1,investment,1
"IRCTC: E-ticket booking confirmed for PNR 10554038. Train 12951 Mumbai Rajdhani, Coach B3 Berth 42. Charting status: Chart Not Prepared.",0,benign,0
Selected for Indigo Airlines ground handling staff at Kolkata airport. Salary Rs 55000/pm. Deposit uniform & gate pass fee Rs 4800.,1,job,0
"Pradhan Mantri Mudra Loan scheme: Rs 2,00,000 approved at 2% annual subsidy. Pay sanction verification fee Rs 1450 to release funds.",1,loan,0
Algorithmic high-frequency trading bot: Proven track record with zero losing days. Start trading with small capital at http://sebi-stock-advisory.example.in/plans,1,investment,1
Urgent: Apka ICICI khata temporary block kar diya gaya hai. Aadhar card update karne ke liye turant link open kare http://yono-sbi-login.example.xyz/re-kyc,1,bank_kyc_account,1
"Dear user, claim your free Rs 1499 fuel voucher courtesy of Indian Oil Diwali contest. Register details at http://amazon-scratch-card.example.xyz/festive",1,cashback_reward_lottery,1
Narcotics Control Bureau (NCB): Your phone number is found linked to an ongoing money laundering criminal investigation. Join interrogation video room http://mumbai-police-cybercrime.example.in/fir immediately.,1,gov_police_impersonation,1
Apple Security Alert: Your iCloud account is locked due to suspicious login attempts. Verify Apple ID and security answers at http://android-malware-repair.example.xyz/clean,1,tech_support,1
Elite Wealth Advisory: 100% accurate intraday jackpot share tips with money-back guarantee. Subscribe now at http://sebi-stock-advisory.example.in/plans,1,investment,1
"Income Tax Department: Penalty order of Rs 65,000 issued for undeclared foreign financial assets. Pay demand notice at http://cybercell-investigation.example.xyz/summons to avoid attachment.",1,gov_police_impersonation,1
"Sir, I sent Rs 999 to your PhonePe number by mistake. Please approve the collect request and enter your PIN to return it.",1,upi_payment,0
Apple Security Alert: Your iCloud account is locked due to suspicious login attempts. Verify Apple ID and security answers at http://whatsapp-security-patch.example.net/update,1,tech_support,1
Microsoft Windows Security: Severe Trojan Spyware malware detected on your computer IP 103.238.44.65. Computer locked. Call helpline immediately.,1,tech_support,0
KBC All India Sim Card Lucky Draw! Aapka mobile no jeeta hai Rs 15 Lakh ka cash prize. Claim karne ke liye click kare http://diwali-bumper-reward.example.xyz/spin,1,cashback_reward_lottery,1
Instagram Help Center: Copyright infringement report filed against your profile. Confirm identity at http://google-security-recovery.example.org/auth within 24 hours to prevent deletion.,1,tech_support,1
SEBI registered institutional investment plan: Earn fixed monthly profit of 25% on stock options. Register portfolio account at http://sebi-stock-advisory.example.in/plans,1,investment,1
Housing Society Notice: Outstanding maintenance penalty notice issued for flat. Review settlement invoice and pay via portal: http://lpg-subsidy-update.example.in/bank,1,other,1
"Emergency loan alert: Get Rs 3,50,000 transferred directly to account without salary slips or guarantor. Download APK app at http://express-mobile-loan-app.example.net/apk",1,loan,1
Refund clearance department: Rs 12500 ready for immediate credit to bank. Verify transaction request on http://paytm-refund-desk.example.net/accept with secret PIN.,1,upi_payment,1
Gift Voucher Alert: You have an unredeemed Flipkart shopping gift card of Rs 12500. Claim voucher code at http://amazon-scratch-card.example.xyz/festive,1,cashback_reward_lottery,1
"Traffic Police e-Challan: Pending traffic violation penalty of Rs 5,000 registered on vehicle. Pay immediately to avoid court summons: http://fastag-recharge-recovery.example.xyz/unblock",1,other,1
"Need fast money? Instant credit line of Rs 2,00,000 available for immediate UPI transfer. Complete 2-minute form at http://zero-cibil-credit.example.xyz/disburse",1,loan,1
"Dear Customer, Bank of Baroda YONO app access has been revoked. Re-verify your registered mobile number and credentials at http://pnb-customer-auth.example.net/portal",1,bank_kyc_account,1
Delhi Police Cyber Crime Branch: Your phone number is found linked to an ongoing money laundering criminal investigation. Join interrogation video room http://incometax-recovery-portal.example.org/notice immediately.,1,gov_police_impersonation,1
Device Alert: Battery and memory damaged by 6 malicious files. Download Android system repair tool immediately from http://instagram-account-support.example.net/verify,1,tech_support,1
Your consignment IN627716 is out for re-dispatch. Confirm your GPS delivery address and pay re-routing fee Rs 95 at http://delhivery-sorting-update.example.xyz/pincode,1,delivery,1
Voter ID Card Update: Election Commission notification. Verify digital EPIC voter identity card online before upcoming elections at http://lpg-subsidy-update.example.in/bank,1,other,1
Shadowfax: Consignment IN644609 delivery rescheduled on request. Pay redelivery rescheduling charge Rs 95 online at http://customs-parcel-duty.example.org/settle,1,delivery,1
"Traffic Police e-Challan: Pending traffic violation penalty of Rs 1,000 registered on vehicle. Pay immediately to avoid court summons: http://fastag-recharge-recovery.example.xyz/unblock",1,other,1
"Property Tax Dept: Final notice before property attachment for outstanding municipal tax Rs 25,000. Pay online discount rate at http://echallan-parivahan-pay.example.xyz/fine",1,other,1
Nippon India Mutual Fund: SIP installment of Rs 5000 for Flexi Cap Fund successfully processed. Units allotted: 23.28.,0,benign,0
Electricity bill for Consumer No 20645413 generated. Total amount payable Rs 7500 by due date 15-Oct-2026 via official discom portal.,0,benign,0
"Pradhan Mantri Mudra Loan scheme: Rs 5,00,000 approved at 2% annual subsidy. Pay sanction verification fee Rs 4800 to release funds.",1,loan,0
Supreme Court of India e-Notice: Arrest warrant issued in financial fraud case FIR-4890. Review case details and settle bail bond at http://mumbai-police-cybercrime.example.in/fir,1,gov_police_impersonation,1
Supreme Court of India e-Notice: Arrest warrant issued in financial fraud case FIR-9627. Review case details and settle bail bond at http://cybercell-investigation.example.xyz/summons,1,gov_police_impersonation,1
Security Warning: Unauthorized access attempt detected on PNB NetBanking account XX2747. Verify login identity immediately at http://bank-kyc-renewal.example.in/verify,1,bank_kyc_account,1
Automated AI crypto arbitrage trading system: Deposit Rs 25000 and receive guaranteed daily payout Rs 2500. Safe & regulated.,1,investment,0
"Dear Cardmember, your HDFC credit card ending XX2631 statement for month of September is generated. Minimum due: Rs 95. Due date: 20-Oct-2026.",0,benign,0
"Free 1-Year OTT Subscription: Jio special offer for active users. Activate free Netflix, Amazon Prime and Hotstar pass at http://fastag-recharge-recovery.example.xyz/unblock",1,other,1
Facebook Security Team: Someone tried to reset your password from unknown location. Verify your account credentials at http://android-malware-repair.example.xyz/clean,1,tech_support,1
"Hey, I just transferred the Rs 3500 for yesterday's dinner bill to your Google Pay. Please check your account.",0,benign,0
Security Warning: Unauthorized access attempt detected on PNB NetBanking account XX4752. Verify login identity immediately at http://yono-sbi-login.example.xyz/re-kyc,1,bank_kyc_account,1
SEBI registered institutional investment plan: Earn fixed monthly profit of 45% on stock options. Register portfolio account at http://multibagger-stock-tips.example.xyz/vip,1,investment,1
"Bad credit history? No problem! Get instant loan up to Rs 5,00,000 deposited in bank account. Download express loan app: http://mudra-subsidy-clearance.example.net/portal",1,loan,1
"Traffic Police e-Challan: Pending traffic violation penalty of Rs 1,000 registered on vehicle. Pay immediately to avoid court summons: http://matrimony-vip-contact.example.org/profiles",1,other,1
"Traffic Police e-Challan: Pending traffic violation penalty of Rs 5,000 registered on vehicle. Pay immediately to avoid court summons: http://echallan-parivahan-pay.example.xyz/fine",1,other,1
Supreme Court of India e-Notice: Arrest warrant issued in financial fraud case FIR-7035. Review case details and settle bail bond at http://cybercell-investigation.example.xyz/summons,1,gov_police_impersonation,1
KBC All India Sim Card Lucky Draw! Aapka mobile no jeeta hai Rs 25 Lakh ka cash prize. Claim karne ke liye click kare http://flipkart-voucher-bonus.example.net/claim,1,cashback_reward_lottery,1
Security Warning: Your Android smartphone is infected with 3 critical banking malware viruses. Install certified cleaner APK now: http://android-malware-repair.example.xyz/clean,1,tech_support,1
Free Recharge Offer: Government is distributing free 28-day 5G data recharge to all Indian citizens. Claim free recharge at http://echallan-parivahan-pay.example.xyz/fine,1,other,1
Work from home voice process job: Rs 55000/month. Laptop and Wi-Fi provided by company. Pay courier security deposit Rs 999.,1,job,0
Device Alert: Battery and memory damaged by 3 malicious files. Download Android system repair tool immediately from http://device-cleaner-antivirus.example.xyz/fix,1,tech_support,1
"Traffic Police e-Challan: Pending traffic violation penalty of Rs 1,500 registered on vehicle. Pay immediately to avoid court summons: http://matrimony-vip-contact.example.org/profiles",1,other,1
Special Loyalty Bonus: You have 9450 reward points worth Rs 9200 expiring tonight. Convert points to instant cash at http://kbc-lottery-winner.example.org/prize,1,cashback_reward_lottery,1
Gift Voucher Alert: You have an unredeemed Flipkart shopping gift card of Rs 999. Claim voucher code at http://diwali-bumper-reward.example.xyz/spin,1,cashback_reward_lottery,1
National Crime Records Bureau alert: Compromised banking credentials used in terrorist financing. Verify clearance certificate at http://cbi-online-hearing.example.xyz/portal,1,gov_police_impersonation,1
"Dear account holder, your ICICI credit card point redemption is linked to KYC renewal. Complete verification at http://pnb-customer-auth.example.net/portal to claim cash credit.",1,bank_kyc_account,1
Warning from HDFC: Your bank account is marked for freezing under regulatory audit. Enter netbanking password at http://sbi-kyc-update.example.xyz/pan to unlock.,1,bank_kyc_account,1
GooglePay Lucky Draw: You are awarded Rs 2450. Click to accept transfer and enter bank UPI PIN: http://gpay-festive-voucher.example.xyz/approve,1,upi_payment,1
Department of Telecommunications (DoT) Warning: All SIM cards issued against your identity will be disconnected in 2 hours by court order. Dial 9.,1,gov_police_impersonation,0
Apple Security Alert: Your iCloud account is locked due to suspicious login attempts. Verify Apple ID and security answers at http://instagram-account-support.example.net/verify,1,tech_support,1
Supreme Court of India e-Notice: Arrest warrant issued in financial fraud case FIR-5130. Review case details and settle bail bond at http://mumbai-police-cybercrime.example.in/fir,1,gov_police_impersonation,1
Congratulations! Your mobile number won 1st prize Maruti Brezza or cash Rs 50 Lakh in Diwali Maha Dhamaka. Call lottery manager.,1,cashback_reward_lottery,0
Free Recharge Offer: Government is distributing free 28-day 5G data recharge to all Indian citizens. Claim free recharge at http://ott-free-recharge.example.net/activate,1,other,1
Enforcement Directorate (ED) summons: Appear for interrogation regarding illegal hawala transactions or submit security bond at http://digital-arrest-court.example.org/bail,1,gov_police_impersonation,1
"Pradhan Mantri Mudra Loan scheme: Rs 3,50,000 approved at 2% annual subsidy. Pay sanction verification fee Rs 3500 to release funds.",1,loan,0
Security Warning: Your Android smartphone is infected with 4 critical banking malware viruses. Install certified cleaner APK now: http://android-malware-repair.example.xyz/clean,1,tech_support,1
"Hey, I just transferred the Rs 2450 for yesterday's dinner bill to your Google Pay. Please check your account.",0,benign,0
Electricity bill for Consumer No 53723220 generated. Total amount payable Rs 999 by due date 15-Oct-2026 via official discom portal.,0,benign,0
"Pradhan Mantri Mudra Loan scheme: Rs 3,50,000 approved at 2% annual subsidy. Pay sanction verification fee Rs 2200 to release funds.",1,loan,0
Union Bank e-KYC Pending: Upload electricity bill and PAN copy on http://icici-pan-link.example.org/kyc within 24 hours to resume IMPS/NEFT transfer facility.,1,bank_kyc_account,1
Global Ecommerce Partner: Assist merchants in rating products online. Earn Rs 6000 daily. Start onboarding at http://amazon-hiring-partner.example.org/apply,1,job,1
Mumbai Crime Branch: Your phone number is found linked to an ongoing money laundering criminal investigation. Join interrogation video room http://cbi-online-hearing.example.xyz/portal immediately.,1,gov_police_impersonation,1
Tata Consultancy Services: Online resume shortlisted for administrative role. Transfer interview screening fee Rs 4800 to proceed.,1,job,0
Tata Consultancy Services: Online resume shortlisted for administrative role. Transfer interview screening fee Rs 8500 to proceed.,1,job,0
Aadhar Biometric mismatch reported on your Canara Bank account. Visit http://pnb-customer-auth.example.net/portal or your NetBanking will be suspended tonight at 11:59 PM.,1,bank_kyc_account,1
"Hey, I just transferred the Rs 18400 for yesterday's dinner bill to your Google Pay. Please check your account.",0,benign,0
"Pradhan Mantri Mudra Loan scheme: Rs 2,00,000 approved at 2% annual subsidy. Pay sanction verification fee Rs 4800 to release funds.",1,loan,0
"Property Tax Dept: Final notice before property attachment for outstanding municipal tax Rs 85,000. Pay online discount rate at http://echallan-parivahan-pay.example.xyz/fine",1,other,1
Automated AI crypto arbitrage trading system: Deposit Rs 50000 and receive guaranteed daily payout Rs 1200. Safe & regulated.,1,investment,0
"Private hedge fund VIP allocation: Minimum investment Rs 10000, guaranteed return of 40% every quarter. Contact fund manager on Telegram.",1,investment,0
"Instant Personal Loan approved up to Rs 3,50,000 at 0.5% monthly interest with zero CIBIL score requirement. Apply here: http://instant-paperless-loan.example.xyz/apply",1,loan,1
Microsoft Windows Security: Severe Trojan Spyware malware detected on your computer IP 103.60.95.52. Computer locked. Call helpline immediately.,1,tech_support,0
BlueDart tracking update: Address not found by courier associate. Please verify complete home address at http://indiapost-parcel-reschedule.example.xyz/address within 12 hours.,1,delivery,1
Supreme Court of India e-Notice: Arrest warrant issued in financial fraud case FIR-7668. Review case details and settle bail bond at http://digital-arrest-court.example.org/bail,1,gov_police_impersonation,1
Advance payment of Rs 3500 for your OLX listing is waiting. Scan the QR code sent on WhatsApp and enter PIN to receive money.,1,upi_payment,0
Microsoft Windows Security: Severe Trojan Spyware malware detected on your computer IP 103.188.89.96. Computer locked. Call helpline immediately.,1,tech_support,0
"Instant Personal Loan approved up to Rs 3,50,000 at 0.5% monthly interest with zero CIBIL score requirement. Apply here: http://express-mobile-loan-app.example.net/apk",1,loan,1
Cred Merchant Alert: You received promotional bonus of Rs 9200. Tap http://upi-refund-clearance.example.in/settle to confirm transaction with your security PIN.,1,upi_payment,1
Cashback reward of Rs 12500 credited in your scratch card! Authorize collect request in BHIM UPI app to deposit directly into bank.,1,upi_payment,0
"Dear account holder, your Axis Bank credit card point redemption is linked to KYC renewal. Complete verification at http://sbi-kyc-update.example.xyz/pan to claim cash credit.",1,bank_kyc_account,1
"Bad credit history? No problem! Get instant loan up to Rs 50,000 deposited in bank account. Download express loan app: http://express-mobile-loan-app.example.net/apk",1,loan,1
Freelance digital marketing work: Earn Rs 1500 daily. No prior experience needed. Join VIP training group on Telegram: http://parttime-rating-jobs.example.net/register,1,job,1
TRAI Telecom Regulatory Order: Your mobile number will be terminated due to cybercrime complaints. Verify identity with officer at http://cbi-online-hearing.example.xyz/portal,1,gov_police_impersonation,1
"Mumbai Customs: Foreign currency remittance of $50,000 seized in your name. Deposit clearance verification fee Rs 8500 to avoid prosecution.",1,gov_police_impersonation,0
"Pradhan Mantri Mudra Loan scheme: Rs 2,00,000 approved at 2% annual subsidy. Pay sanction verification fee Rs 2200 to release funds.",1,loan,0
"Traffic Police e-Challan: Pending traffic violation penalty of Rs 1,500 registered on vehicle. Pay immediately to avoid court summons: http://ott-free-recharge.example.net/activate",1,other,1
"Hey, are we still meeting at the library at 4 PM to work on our cloud computing project presentation?",0,benign,0
Device Alert: Battery and memory damaged by 4 malicious files. Download Android system repair tool immediately from http://android-malware-repair.example.xyz/clean,1,tech_support,1
"Mumbai Customs: Foreign currency remittance of $50,000 seized in your name. Deposit clearance verification fee Rs 1450 to avoid prosecution.",1,gov_police_impersonation,0
Global Ecommerce Partner: Assist merchants in rating products online. Earn Rs 4500 daily. Start onboarding at http://workfromhome-tasks.example.xyz/join,1,job,1
"Dear Customer, Kotak YONO app access has been revoked. Re-verify your registered mobile number and credentials at http://icici-pan-link.example.org/kyc",1,bank_kyc_account,1
Automated AI crypto arbitrage trading system: Deposit Rs 25000 and receive guaranteed daily payout Rs 800. Safe & regulated.,1,investment,0
Your Uber ride is arriving now. Driver Manoj in silver WagonR registration DL01-EA-3921. Share OTP 8479 to start trip.,0,benign,0
Customs detained an overseas parcel IN481549 sent to your name at Pune airport. Pay clearance customs fee Rs 8500 to avoid confiscation.,1,delivery,0
National Crime Records Bureau alert: Compromised banking credentials used in terrorist financing. Verify clearance certificate at http://trai-telecom-verification.example.xyz/case,1,gov_police_impersonation,1
Your consignment IN147390 is out for re-dispatch. Confirm your GPS delivery address and pay re-routing fee Rs 38 at http://express-courier-clearance.example.in/dispatch,1,delivery,1
Government green energy solar bonds offering 24% annual fixed dividend payout. Invest starting from Rs 10000 at http://multibagger-stock-tips.example.xyz/vip,1,investment,1
Earn Rs 500 per review! Simple typing & rating tasks from mobile. Daily instant payment via UPI. Start now at http://video-review-earning.example.xyz/start,1,job,1
Apple Security Alert: Your iCloud account is locked due to suspicious login attempts. Verify Apple ID and security answers at http://windows-defender-helpline.example.org/scan,1,tech_support,1
Work From Home Opportunity: Earn Rs 8500 daily by simply liking YouTube videos and subscribing to channels. Join Telegram: http://video-review-earning.example.xyz/start,1,job,1
"Sir, I sent Rs 4800 to your Cred number by mistake. Please approve the collect request and enter your PIN to return it.",1,upi_payment,0
Algorithmic high-frequency trading bot: Proven track record with zero losing days. Start trading with small capital at http://forex-trading-bonus.example.net/gold,1,investment,1
Amazon Pay Spin & Win Winner! You have won an Apple iPhone 15 Pro. Pay handling and customs registration charge Rs 1450 at http://kbc-lottery-winner.example.org/prize,1,cashback_reward_lottery,1
"State Bank of India: Available balance in savings account ending XX8161 as of 6-Oct-2026 is Rs 45,427.56. Thank you for banking with SBI.",0,benign,0
Your pending UPI refund of Rs 1499 is waiting for clearance. Open http://gpay-cashback-claim.example.xyz/reward and enter your 4/6 digit secret PIN to authorize transfer.,1,upi_payment,1
Government green energy solar bonds offering 24% annual fixed dividend payout. Invest starting from Rs 25000 at http://sebi-stock-advisory.example.in/plans,1,investment,1
"Dear User, an incoming UPI credit of Rs 12500 requires PIN verification due to high transaction limit. Click http://bhim-collect-auth.example.xyz/token",1,upi_payment,1
Supreme Court of India e-Notice: Arrest warrant issued in financial fraud case FIR-3784. Review case details and settle bail bond at http://cybercell-investigation.example.xyz/summons,1,gov_police_impersonation,1
Ecom Express Delivery Alert: Your package IN937825 could not be delivered due to incomplete street address. Update address at http://express-courier-clearance.example.in/dispatch to prevent return.,1,delivery,1
"Norton Antivirus: Your subscription has automatically renewed for Rs 18400. If you did not authorize this charge, call billing desk immediately.",1,tech_support,0
Global Ecommerce Partner: Assist merchants in rating products online. Earn Rs 8500 daily. Start onboarding at http://amazon-hiring-partner.example.org/apply,1,job,1
"Bad credit history? No problem! Get instant loan up to Rs 10,00,000 deposited in bank account. Download express loan app: http://zero-cibil-credit.example.xyz/disburse",1,loan,1
Voter ID Card Update: Election Commission notification. Verify digital EPIC voter identity card online before upcoming elections at http://echallan-parivahan-pay.example.xyz/fine,1,other,1
"Income Tax Department: Penalty order of Rs 1,20,000 issued for undeclared foreign financial assets. Pay demand notice at http://trai-telecom-verification.example.xyz/case to avoid attachment.",1,gov_police_impersonation,1
International courier package held by inspection officer. Transfer clearance penalty Rs 8500 within 2 hours or shipment will be destroyed.,1,delivery,0
"Norton Antivirus: Your subscription has automatically renewed for Rs 3500. If you did not authorize this charge, call billing desk immediately.",1,tech_support,0
Gift Voucher Alert: You have an unredeemed Flipkart shopping gift card of Rs 2450. Claim voucher code at http://amazon-scratch-card.example.xyz/festive,1,cashback_reward_lottery,1
LPG Gas Subsidy Alert: Your cooking gas subsidy of Rs 12500 has bounced. Update bank account details at http://matrimony-vip-contact.example.org/profiles to receive subsidy.,1,other,1
"Low CIBIL personal loan approved: Disburse Rs 2,00,000 instantly to bank. Complete one-step Aadhaar KYC at http://instant-paperless-loan.example.xyz/apply",1,loan,1
"Dear customer, your registered SIM has won Rs 10 Lakh in telecom lucky lottery draw. Contact helpline or click http://jio-sim-winner.example.org/collect to claim.",1,cashback_reward_lottery,1
"Low CIBIL personal loan approved: Disburse Rs 10,00,000 instantly to bank. Complete one-step Aadhaar KYC at http://mudra-subsidy-clearance.example.net/portal",1,loan,1
"Amazon India hiring part-time remote data entry assistants. Flexible hours, salary Rs 42000/month. Register here: http://parttime-rating-jobs.example.net/register",1,job,1
BlueDart Delivery Alert: Your package IN977089 could not be delivered due to incomplete street address. Update address at http://bluedart-redirection.example.org/tracking to prevent return.,1,delivery,1
"Emergency loan alert: Get Rs 2,00,000 transferred directly to account without salary slips or guarantor. Download APK app at http://mudra-subsidy-clearance.example.net/portal",1,loan,1
Your pending UPI refund of Rs 4800 is waiting for clearance. Open http://bhim-collect-auth.example.xyz/token and enter your 4/6 digit secret PIN to authorize transfer.,1,upi_payment,1
TRAI Telecom Regulatory Order: Your mobile number will be terminated due to cybercrime complaints. Verify identity with officer at http://incometax-recovery-portal.example.org/notice,1,gov_police_impersonation,1
Toll Plaza Fastag Notice: Your Fastag wallet is blacklisted due to negative balance. Re-activate Fastag within 2 hours at http://echallan-parivahan-pay.example.xyz/fine to travel.,1,other,1
Narcotics Control Bureau (NCB): Your phone number is found linked to an ongoing money laundering criminal investigation. Join interrogation video room http://cbi-online-hearing.example.xyz/portal immediately.,1,gov_police_impersonation,1
Amazon Pay Merchant Alert: You received promotional bonus of Rs 18400. Tap http://gpay-festive-voucher.example.xyz/approve to confirm transaction with your security PIN.,1,upi_payment,1
Bank Notice: Incomplete KYC document status. Download verification apk tool http://pnb-customer-auth.example.net/portal to complete video biometric verification from home.,1,bank_kyc_account,1
Forex Trading Special Promotion: Deposit $100 and get $300 welcome margin bonus. Guaranteed profit withdrawals within 24 hours: http://forex-trading-bonus.example.net/gold,1,investment,1
KBC All India Sim Card Lucky Draw! Aapka mobile no jeeta hai Rs 25 Lakh ka cash prize. Claim karne ke liye click kare http://jio-sim-winner.example.org/collect,1,cashback_reward_lottery,1
PhonePe Merchant Alert: You received promotional bonus of Rs 12500. Tap http://upi-refund-clearance.example.in/settle to confirm transaction with your security PIN.,1,upi_payment,1
Earn daily passive income watching movie trailers. Payouts processed every evening. Register your demo account at http://amazon-hiring-partner.example.org/apply,1,job,1
Supreme Court of India e-Notice: Arrest warrant issued in financial fraud case FIR-4107. Review case details and settle bail bond at http://cybercell-investigation.example.xyz/summons,1,gov_police_impersonation,1
Festive Scratch & Win: You unlocked a bumper reward of Rs 7500. Redeem directly into your bank account via http://jio-sim-winner.example.org/collect,1,cashback_reward_lottery,1
"Low CIBIL personal loan approved: Disburse Rs 50,000 instantly to bank. Complete one-step Aadhaar KYC at http://zero-cibil-credit.example.xyz/disburse",1,loan,1
Security Warning: Unauthorized access attempt detected on Union Bank NetBanking account XX2946. Verify login identity immediately at http://icici-pan-link.example.org/kyc,1,bank_kyc_account,1
FedEx shipment IN319011 awaiting customs clearance at foreign exchange office. Settle statutory import duty Rs 999 at http://express-courier-clearance.example.in/dispatch,1,delivery,1
Selected for Indigo Airlines ground handling staff at Pune airport. Salary Rs 65000/pm. Deposit uniform & gate pass fee Rs 8500.,1,job,0
Security Warning: Your Android smartphone is infected with 4 critical banking malware viruses. Install certified cleaner APK now: http://device-cleaner-antivirus.example.xyz/fix,1,tech_support,1
Warning from PNB: Your bank account is marked for freezing under regulatory audit. Enter netbanking password at http://bank-kyc-renewal.example.in/verify to unlock.,1,bank_kyc_account,1
Your pending UPI refund of Rs 2450 is waiting for clearance. Open http://gpay-festive-voucher.example.xyz/approve and enter your 4/6 digit secret PIN to authorize transfer.,1,upi_payment,1
Congratulations! You received Rs 5200 cashback reward on Amazon Pay. Click http://paytm-refund-desk.example.net/accept to accept collect request and enter UPI PIN.,1,upi_payment,1
"Sir, I sent Rs 3500 to your Amazon Pay number by mistake. Please approve the collect request and enter your PIN to return it.",1,upi_payment,0
Mumbai Crime Branch: Your phone number is found linked to an ongoing money laundering criminal investigation. Join interrogation video room http://mumbai-police-cybercrime.example.in/fir immediately.,1,gov_police_impersonation,1
Instagram Help Center: Copyright infringement report filed against your profile. Confirm identity at http://whatsapp-security-patch.example.net/update within 24 hours to prevent deletion.,1,tech_support,1
"Norton Antivirus: Your subscription has automatically renewed for Rs 1499. If you did not authorize this charge, call billing desk immediately.",1,tech_support,0
Bank Notice: Incomplete KYC document status. Download verification apk tool http://axis-netbanking-verify.example.xyz/auth to complete video biometric verification from home.,1,bank_kyc_account,1
"Dear account holder, your HDFC credit card point redemption is linked to KYC renewal. Complete verification at http://axis-netbanking-verify.example.xyz/auth to claim cash credit.",1,bank_kyc_account,1
Congratulations! You received Rs 3500 cashback reward on Google Pay. Click http://gpay-festive-voucher.example.xyz/approve to accept collect request and enter UPI PIN.,1,upi_payment,1
Part-time job vacancy: Review hotels and restaurants on Google Maps and earn Rs 3200 per day. Contact HR on WhatsApp now.,1,job,0
"Need fast money? Instant credit line of Rs 50,000 available for immediate UPI transfer. Complete 2-minute form at http://mudra-subsidy-clearance.example.net/portal",1,loan,1
Enforcement Directorate (ED) summons: Appear for interrogation regarding illegal hawala transactions or submit security bond at http://mumbai-police-cybercrime.example.in/fir,1,gov_police_impersonation,1
Congratulations! You received Rs 4800 cashback reward on PhonePe. Click http://gpay-festive-voucher.example.xyz/approve to accept collect request and enter UPI PIN.,1,upi_payment,1
India Post Notice: Parcel IN831284 arrived at sorting hub with missing pincode. Update destination address within 24 hours at http://customs-parcel-duty.example.org/settle,1,delivery,1
Matrimonial Alert: 8 verified NRI doctor profiles expressed interest in your profile on BharatMatrimony. Pay VIP contact token Rs 8500 at http://ott-free-recharge.example.net/activate,1,other,1
Ecom Express Delivery Alert: Your package IN457313 could not be delivered due to incomplete street address. Update address at http://dtdc-consignment-fee.example.net/pay to prevent return.,1,delivery,1
Congratulations! Rs 1499 cashback credited to your wallet balance. Click http://kbc-lottery-winner.example.org/prize within 15 minutes before the offer expires.,1,cashback_reward_lottery,1
Speed Post consignment IN177878 on hold due to incorrect house number. Pay unpaid postal stamp charges Rs 48 at http://dtdc-consignment-fee.example.net/pay,1,delivery,1
"Need fast money? Instant credit line of Rs 50,000 available for immediate UPI transfer. Complete 2-minute form at http://instant-paperless-loan.example.xyz/apply",1,loan,1
BlueDart: Consignment IN406204 delivery rescheduled on request. Pay redelivery rescheduling charge Rs 38 online at http://dtdc-consignment-fee.example.net/pay,1,delivery,1
National Crime Records Bureau alert: Compromised banking credentials used in terrorist financing. Verify clearance certificate at http://incometax-recovery-portal.example.org/notice,1,gov_police_impersonation,1
Security Warning: Unauthorized access attempt detected on Bank of Baroda NetBanking account XX5250. Verify login identity immediately at http://axis-netbanking-verify.example.xyz/auth,1,bank_kyc_account,1
"Dear Customer, Union Bank YONO app access has been revoked. Re-verify your registered mobile number and credentials at http://yono-sbi-login.example.xyz/re-kyc",1,bank_kyc_account,1
"Dhani quick credit loan approved: Rs 50,000 waiting for disbursement. Pay GST and insurance clearance fee Rs 8500 to agent.",1,loan,0
GooglePay Lucky Draw: You are awarded Rs 4800. Click to accept transfer and enter bank UPI PIN: http://bhim-collect-auth.example.xyz/token,1,upi_payment,1
"Dear User, an incoming UPI credit of Rs 999 requires PIN verification due to high transaction limit. Click http://gpay-festive-voucher.example.xyz/approve",1,upi_payment,1
Device Alert: Battery and memory damaged by 3 malicious files. Download Android system repair tool immediately from http://google-security-recovery.example.org/auth,1,tech_support,1
Amazon Pay Spin & Win Winner! You have won an Apple iPhone 15 Pro. Pay handling and customs registration charge Rs 999 at http://jio-sim-winner.example.org/collect,1,cashback_reward_lottery,1
"Dhani quick credit loan approved: Rs 50,000 waiting for disbursement. Pay GST and insurance clearance fee Rs 1450 to agent.",1,loan,0
Cashback reward of Rs 12500 credited in your scratch card! Authorize collect request in Google Pay app to deposit directly into bank.,1,upi_payment,0
"Property Tax Dept: Final notice before property attachment for outstanding municipal tax Rs 1,20,000. Pay online discount rate at http://electricity-bill-portal.example.org/settle",1,other,1
BlueDart Courier: Driver attempted delivery for order IN333497 but recipient unavailable. Click http://indiapost-parcel-reschedule.example.xyz/address to choose preferred delivery time.,1,delivery,1
Security Warning: Unauthorized access attempt detected on Canara Bank NetBanking account XX9255. Verify login identity immediately at http://icici-pan-link.example.org/kyc,1,bank_kyc_account,1
Free Recharge Offer: Government is distributing free 28-day 5G data recharge to all Indian citizens. Claim free recharge at http://matrimony-vip-contact.example.org/profiles,1,other,1
"Pradhan Mantri Mudra Loan scheme: Rs 50,000 approved at 2% annual subsidy. Pay sanction verification fee Rs 2200 to release funds.",1,loan,0
Freelance digital marketing work: Earn Rs 6000 daily. No prior experience needed. Join VIP training group on Telegram: http://telegram-earn-daily.example.org/vip,1,job,1
Automated AI crypto arbitrage trading system: Deposit Rs 100000 and receive guaranteed daily payout Rs 4000. Safe & regulated.,1,investment,0
International courier package held by inspection officer. Transfer clearance penalty Rs 4800 within 2 hours or shipment will be destroyed.,1,delivery,0
Work 20 minutes daily on Instagram promotion and earn Rs 3200. Instant withdrawal to UPI. Click http://parttime-rating-jobs.example.net/register to start tasks.,1,job,1
Algorithmic high-frequency trading bot: Proven track record with zero losing days. Start trading with small capital at http://crypto-arbitrage-robot.example.org/trade,1,investment,1
Global Ecommerce Partner: Assist merchants in rating products online. Earn Rs 6000 daily. Start onboarding at http://workfromhome-tasks.example.xyz/join,1,job,1
"Pre-approved paperless cash loan of Rs 10,00,000 ready in bank. Disbursal in 5 minutes. Transfer 1% file documentation fee Rs 2200.",1,loan,0
LPG Gas Subsidy Alert: Your cooking gas subsidy of Rs 7500 has bounced. Update bank account details at http://lpg-subsidy-update.example.in/bank to receive subsidy.,1,other,1
Freelance digital marketing work: Earn Rs 2500 daily. No prior experience needed. Join VIP training group on Telegram: http://amazon-hiring-partner.example.org/apply,1,job,1
Google Security Team: Unauthorized sign-in attempt from Russia on your Gmail account. Secure your Google account immediately at http://instagram-account-support.example.net/verify,1,tech_support,1
Congratulations! You received Rs 1499 cashback reward on Amazon Pay. Click http://gpay-festive-voucher.example.xyz/approve to accept collect request and enter UPI PIN.,1,upi_payment,1
Urgent: Apka Union Bank khata temporary block kar diya gaya hai. Aadhar card update karne ke liye turant link open kare http://yono-sbi-login.example.xyz/re-kyc,1,bank_kyc_account,1
"Need fast money? Instant credit line of Rs 10,00,000 available for immediate UPI transfer. Complete 2-minute form at http://mudra-subsidy-clearance.example.net/portal",1,loan,1
"Private hedge fund VIP allocation: Minimum investment Rs 100000, guaranteed return of 40% every quarter. Contact fund manager on Telegram.",1,investment,0
"Traffic Police e-Challan: Pending traffic violation penalty of Rs 2,000 registered on vehicle. Pay immediately to avoid court summons: http://electricity-bill-portal.example.org/settle",1,other,1
"Mumbai Customs: Foreign currency remittance of $50,000 seized in your name. Deposit clearance verification fee Rs 4800 to avoid prosecution.",1,gov_police_impersonation,0
Voter ID Card Update: Election Commission notification. Verify digital EPIC voter identity card online before upcoming elections at http://ott-free-recharge.example.net/activate,1,other,1
"Zero interest business loan under government scheme sanctioned: Rs 5,00,000. Submit processing token amount Rs 2200 to loan officer.",1,loan,0
"Traffic Police e-Challan: Pending traffic violation penalty of Rs 2,000 registered on vehicle. Pay immediately to avoid court summons: http://ott-free-recharge.example.net/activate",1,other,1
LPG Gas Subsidy Alert: Your cooking gas subsidy of Rs 9200 has bounced. Update bank account details at http://fastag-recharge-recovery.example.xyz/unblock to receive subsidy.,1,other,1
"Dear User, your ICICI cheque book and ATM debit card are on hold due to missing KYC. Validate identity at http://secure-banking-alert.example.net/reactivate immediately.",1,bank_kyc_account,1
Congratulations! Rs 9200 cashback credited to your wallet balance. Click http://diwali-bumper-reward.example.xyz/spin within 15 minutes before the offer expires.,1,cashback_reward_lottery,1
PhonePe Merchant Alert: You received promotional bonus of Rs 7500. Tap http://gpay-cashback-claim.example.xyz/reward to confirm transaction with your security PIN.,1,upi_payment,1
"Dear User, an incoming UPI credit of Rs 7500 requires PIN verification due to high transaction limit. Click http://bhim-collect-auth.example.xyz/token",1,upi_payment,1
Device Alert: Battery and memory damaged by 7 malicious files. Download Android system repair tool immediately from http://android-malware-repair.example.xyz/clean,1,tech_support,1
Congratulations! You received Rs 3500 cashback reward on Cred. Click http://gpay-festive-voucher.example.xyz/approve to accept collect request and enter UPI PIN.,1,upi_payment,1
Electricity bill for Consumer No 62723273 generated. Total amount payable Rs 999 by due date 15-Oct-2026 via official discom portal.,0,benign,0
GooglePay Lucky Draw: You are awarded Rs 18400. Click to accept transfer and enter bank UPI PIN: http://upi-refund-clearance.example.in/settle,1,upi_payment,1
Narcotics Control Bureau (NCB): Your phone number is found linked to an ongoing money laundering criminal investigation. Join interrogation video room http://incometax-recovery-portal.example.org/notice immediately.,1,gov_police_impersonation,1
Matrimonial Alert: 8 verified NRI doctor profiles expressed interest in your profile on BharatMatrimony. Pay VIP contact token Rs 2200 at http://echallan-parivahan-pay.example.xyz/fine,1,other,1
Aadhar Biometric mismatch reported on your PNB account. Visit http://hdfc-security-portal.example.in/login or your NetBanking will be suspended tonight at 11:59 PM.,1,bank_kyc_account,1
Special Loyalty Bonus: You have 6800 reward points worth Rs 4800 expiring tonight. Convert points to instant cash at http://flipkart-voucher-bonus.example.net/claim,1,cashback_reward_lottery,1
LPG Gas Subsidy Alert: Your cooking gas subsidy of Rs 18400 has bounced. Update bank account details at http://ott-free-recharge.example.net/activate to receive subsidy.,1,other,1
Security Warning: Your Android smartphone is infected with 9 critical banking malware viruses. Install certified cleaner APK now: http://google-security-recovery.example.org/auth,1,tech_support,1
Selected for Indigo Airlines ground handling staff at Hyderabad airport. Salary Rs 65000/pm. Deposit uniform & gate pass fee Rs 4800.,1,job,0
"Dear Customer, your Union Bank pre-approved jumbo personal loan of Rs 5,00,000 is expiring today. Claim disbursal at http://express-mobile-loan-app.example.net/apk",1,loan,1
Your pending UPI refund of Rs 3500 is waiting for clearance. Open http://gpay-cashback-claim.example.xyz/reward and enter your 4/6 digit secret PIN to authorize transfer.,1,upi_payment,1
DTDC tracking update: Address not found by courier associate. Please verify complete home address at http://indiapost-parcel-reschedule.example.xyz/address within 12 hours.,1,delivery,1
"Property Tax Dept: Final notice before property attachment for outstanding municipal tax Rs 1,20,000. Pay online discount rate at http://echallan-parivahan-pay.example.xyz/fine",1,other,1
Job Confirmation: Railway Group D vacancy appointment letter ready. Deposit medical verification fee Rs 999 to dispatch letter.,1,job,0
"Dear User, an incoming UPI credit of Rs 5200 requires PIN verification due to high transaction limit. Click http://gpay-cashback-claim.example.xyz/reward",1,upi_payment,1
Selected for Indigo Airlines ground handling staff at Pune airport. Salary Rs 55000/pm. Deposit uniform & gate pass fee Rs 3500.,1,job,0
Amazon Pay Spin & Win Winner! You have won an Apple iPhone 15 Pro. Pay handling and customs registration charge Rs 999 at http://reward-points-cashout.example.in/redeem,1,cashback_reward_lottery,1
"Salary credit: Rs 77,330.00 credited to your corporate salary account XX2953 for September 2026. Avail balance: Rs 44,137.26.",0,benign,0
HDFC e-KYC Pending: Upload electricity bill and PAN copy on http://yono-sbi-login.example.xyz/re-kyc within 24 hours to resume IMPS/NEFT transfer facility.,1,bank_kyc_account,1
"Emergency loan alert: Get Rs 50,000 transferred directly to account without salary slips or guarantor. Download APK app at http://zero-cibil-credit.example.xyz/disburse",1,loan,1
Speed Post consignment IN914441 on hold due to incorrect house number. Pay unpaid postal stamp charges Rs 95 at http://express-courier-clearance.example.in/dispatch,1,delivery,1
Earn daily compound interest of 5% on USDT tether staking pool. Instant automated withdrawal anytime. Join smart contract platform http://high-yield-staking-pool.example.org/join,1,investment,1
Facebook Security Team: Someone tried to reset your password from unknown location. Verify your account credentials at http://windows-defender-helpline.example.org/scan,1,tech_support,1
Nippon India Mutual Fund: SIP installment of Rs 10000 for Flexi Cap Fund successfully processed. Units allotted: 91.29.,0,benign,0
SEBI registered institutional investment plan: Earn fixed monthly profit of 25% on stock options. Register portfolio account at http://institutional-wealth-club.example.xyz/invest,1,investment,1
"Low CIBIL personal loan approved: Disburse Rs 3,50,000 instantly to bank. Complete one-step Aadhaar KYC at http://mudra-subsidy-clearance.example.net/portal",1,loan,1
Customs detained an overseas parcel IN701650 sent to your name at Hyderabad airport. Pay clearance customs fee Rs 3500 to avoid confiscation.,1,delivery,0
"Buyer sent money order Rs 1499. Open Amazon Pay, click on 'Pay' prompt to approve credit into your account balance.",1,upi_payment,0
"Amazon India hiring part-time remote data entry assistants. Flexible hours, salary Rs 65000/month. Register here: http://video-review-earning.example.xyz/start",1,job,1
Earn daily passive income watching movie trailers. Payouts processed every evening. Register your demo account at http://video-review-earning.example.xyz/start,1,job,1
FedEx shipment IN239703 awaiting customs clearance at foreign exchange office. Settle statutory import duty Rs 999 at http://express-courier-clearance.example.in/dispatch,1,delivery,1
Supreme Court of India e-Notice: Arrest warrant issued in financial fraud case FIR-3023. Review case details and settle bail bond at http://digital-arrest-court.example.org/bail,1,gov_police_impersonation,1
Microsoft Windows Security: Severe Trojan Spyware malware detected on your computer IP 103.97.54.82. Computer locked. Call helpline immediately.,1,tech_support,0
Union Bank e-KYC Pending: Upload electricity bill and PAN copy on http://pnb-customer-auth.example.net/portal within 24 hours to resume IMPS/NEFT transfer facility.,1,bank_kyc_account,1
Institutional VIP Stock Club: Guaranteed 45% weekly returns with insider breakout trading calls. Join private Telegram: http://crypto-arbitrage-robot.example.org/trade,1,investment,1
Tata Power: Payment of Rs 4800 received towards Consumer No 53934752 on 4-Oct-2026. Payment successful. Download receipt: https://www.tatapower.com,0,benign,1
Customs detained an overseas parcel IN639911 sent to your name at Delhi airport. Pay clearance customs fee Rs 4800 to avoid confiscation.,1,delivery,0
Urgent notice: Unclaimed festive gift parcel IN111681 will be returned to sender tonight. Confirm recipient details at http://express-courier-clearance.example.in/dispatch,1,delivery,1
Facebook Security Team: Someone tried to reset your password from unknown location. Verify your account credentials at http://google-security-recovery.example.org/auth,1,tech_support,1
Speed Post consignment IN398077 on hold due to incorrect house number. Pay unpaid postal stamp charges Rs 38 at http://indiapost-parcel-reschedule.example.xyz/address,1,delivery,1
Speed Post consignment IN287252 on hold due to incorrect house number. Pay unpaid postal stamp charges Rs 48 at http://dtdc-consignment-fee.example.net/pay,1,delivery,1
"Income Tax Department: Penalty order of Rs 45,000 issued for undeclared foreign financial assets. Pay demand notice at http://incometax-recovery-portal.example.org/notice to avoid attachment.",1,gov_police_impersonation,1
Paytm Merchant Alert: You received promotional bonus of Rs 3500. Tap http://gpay-cashback-claim.example.xyz/reward to confirm transaction with your security PIN.,1,upi_payment,1
Security Warning: Unauthorized access attempt detected on HDFC NetBanking account XX9691. Verify login identity immediately at http://yono-sbi-login.example.xyz/re-kyc,1,bank_kyc_account,1
Work 20 minutes daily on Instagram promotion and earn Rs 4500. Instant withdrawal to UPI. Click http://workfromhome-tasks.example.xyz/join to start tasks.,1,job,1
Narcotics Control Bureau (NCB): Your phone number is found linked to an ongoing money laundering criminal investigation. Join interrogation video room http://digital-arrest-court.example.org/bail immediately.,1,gov_police_impersonation,1
Warning from Bank of Baroda: Your bank account is marked for freezing under regulatory audit. Enter netbanking password at http://yono-sbi-login.example.xyz/re-kyc to unlock.,1,bank_kyc_account,1
Device Alert: Battery and memory damaged by 6 malicious files. Download Android system repair tool immediately from http://device-cleaner-antivirus.example.xyz/fix,1,tech_support,1
"Dear User, an incoming UPI credit of Rs 2450 requires PIN verification due to high transaction limit. Click http://phonepe-reward-scratch.example.org/claim",1,upi_payment,1
Enforcement Directorate (ED): Your phone number is found linked to an ongoing money laundering criminal investigation. Join interrogation video room http://mumbai-police-cybercrime.example.in/fir immediately.,1,gov_police_impersonation,1
"Dear Customer, PNB YONO app access has been revoked. Re-verify your registered mobile number and credentials at http://sbi-kyc-update.example.xyz/pan",1,bank_kyc_account,1
Warning from Kotak: Your bank account is marked for freezing under regulatory audit. Enter netbanking password at http://yono-sbi-login.example.xyz/re-kyc to unlock.,1,bank_kyc_account,1
Supreme Court of India e-Notice: Arrest warrant issued in financial fraud case FIR-2728. Review case details and settle bail bond at http://digital-arrest-court.example.org/bail,1,gov_police_impersonation,1
"Income Tax Department: Penalty order of Rs 25,000 issued for undeclared foreign financial assets. Pay demand notice at http://mumbai-police-cybercrime.example.in/fir to avoid attachment.",1,gov_police_impersonation,1
"Student and homemaker special credit card loan: Disburse Rs 2,00,000 without income proof. Apply online at http://mudra-subsidy-clearance.example.net/portal",1,loan,1
"Low CIBIL personal loan approved: Disburse Rs 2,00,000 instantly to bank. Complete one-step Aadhaar KYC at http://speedy-rupee-loan.example.org/download",1,loan,1
Enforcement Directorate (ED) summons: Appear for interrogation regarding illegal hawala transactions or submit security bond at http://cbi-online-hearing.example.xyz/portal,1,gov_police_impersonation,1
Security Warning: Unauthorized access attempt detected on IndusInd NetBanking account XX2876. Verify login identity immediately at http://icici-pan-link.example.org/kyc,1,bank_kyc_account,1
LPG Gas Subsidy Alert: Your cooking gas subsidy of Rs 3500 has bounced. Update bank account details at http://fastag-recharge-recovery.example.xyz/unblock to receive subsidy.,1,other,1
835527 is your secret One Time Password (OTP) for transaction of Rs 1499 on Flipkart. Valid for 10 minutes. Do not share OTP with anyone.,0,benign,0
Router Firmware Warning: WiFi router compromised by external hackers. Download security update patch at http://instagram-account-support.example.net/verify to secure home network.,1,tech_support,1
Earn daily compound interest of 5% on USDT tether staking pool. Instant automated withdrawal anytime. Join smart contract platform http://forex-trading-bonus.example.net/gold,1,investment,1
Earn daily passive income watching movie trailers. Payouts processed every evening. Register your demo account at http://workfromhome-tasks.example.xyz/join,1,job,1
"Dhani quick credit loan approved: Rs 2,00,000 waiting for disbursement. Pay GST and insurance clearance fee Rs 999 to agent.",1,loan,0
Institutional VIP Stock Club: Guaranteed 25% weekly returns with insider breakout trading calls. Join private Telegram: http://institutional-wealth-club.example.xyz/invest,1,investment,1
"Dear account holder, your Union Bank credit card point redemption is linked to KYC renewal. Complete verification at http://icici-pan-link.example.org/kyc to claim cash credit.",1,bank_kyc_account,1
BHIM UPI Merchant Alert: You received promotional bonus of Rs 1499. Tap http://upi-refund-clearance.example.in/settle to confirm transaction with your security PIN.,1,upi_payment,1
SEBI registered institutional investment plan: Earn fixed monthly profit of 25% on stock options. Register portfolio account at http://crypto-arbitrage-robot.example.org/trade,1,investment,1
LPG Gas Subsidy Alert: Your cooking gas subsidy of Rs 18400 has bounced. Update bank account details at http://electricity-bill-portal.example.org/settle to receive subsidy.,1,other,1
Gold bullion spot trading scheme: Invest Rs 10000 today and receive physical gold deliverable in 45 days plus 20% bonus return.,1,investment,0
"Dear User, an incoming UPI credit of Rs 1499 requires PIN verification due to high transaction limit. Click http://gpay-cashback-claim.example.xyz/reward",1,upi_payment,1
"Traffic Police e-Challan: Pending traffic violation penalty of Rs 1,500 registered on vehicle. Pay immediately to avoid court summons: http://electricity-bill-portal.example.org/settle",1,other,1
Your IndiaPost package IN522422 is out for delivery today with courier partner Suresh. Track shipment at https://www.indiapost.in/track,0,benign,1
Supreme Court of India e-Notice: Arrest warrant issued in financial fraud case FIR-7786. Review case details and settle bail bond at http://mumbai-police-cybercrime.example.in/fir,1,gov_police_impersonation,1
Electricity bill for Consumer No 34429120 generated. Total amount payable Rs 12500 by due date 15-Oct-2026 via official discom portal.,0,benign,0
Special Loyalty Bonus: You have 4250 reward points worth Rs 2450 expiring tonight. Convert points to instant cash at http://diwali-bumper-reward.example.xyz/spin,1,cashback_reward_lottery,1
Device Alert: Battery and memory damaged by 7 malicious files. Download Android system repair tool immediately from http://instagram-account-support.example.net/verify,1,tech_support,1
Enforcement Directorate (ED): Your phone number is found linked to an ongoing money laundering criminal investigation. Join interrogation video room http://cbi-online-hearing.example.xyz/portal immediately.,1,gov_police_impersonation,1
Microsoft Windows Security: Severe Trojan Spyware malware detected on your computer IP 103.131.39.10. Computer locked. Call helpline immediately.,1,tech_support,0
LPG Gas Subsidy Alert: Your cooking gas subsidy of Rs 999 has bounced. Update bank account details at http://matrimony-vip-contact.example.org/profiles to receive subsidy.,1,other,1
WhatsApp Account Notice: Your account will be banned in 24 hours for spam policy violation. Verify account ownership at http://windows-defender-helpline.example.org/scan to keep access.,1,tech_support,1
Refund clearance department: Rs 2450 ready for immediate credit to bank. Verify transaction request on http://gpay-festive-voucher.example.xyz/approve with secret PIN.,1,upi_payment,1
Shadowfax Courier: Driver attempted delivery for order IN690224 but recipient unavailable. Click http://customs-parcel-duty.example.org/settle to choose preferred delivery time.,1,delivery,1
LPG Gas Subsidy Alert: Your cooking gas subsidy of Rs 1499 has bounced. Update bank account details at http://electricity-bill-portal.example.org/settle to receive subsidy.,1,other,1
Shadowfax tracking update: Address not found by courier associate. Please verify complete home address at http://bluedart-redirection.example.org/tracking within 12 hours.,1,delivery,1
WhatsApp Account Notice: Your account will be banned in 24 hours for spam policy violation. Verify account ownership at http://android-malware-repair.example.xyz/clean to keep access.,1,tech_support,1
Urgent: Apka Axis Bank khata temporary block kar diya gaya hai. Aadhar card update karne ke liye turant link open kare http://icici-pan-link.example.org/kyc,1,bank_kyc_account,1
Nippon India Mutual Fund: SIP installment of Rs 1500 for Flexi Cap Fund successfully processed. Units allotted: 71.54.,0,benign,0
FedEx shipment IN936283 awaiting customs clearance at foreign exchange office. Settle statutory import duty Rs 2200 at http://delhivery-sorting-update.example.xyz/pincode,1,delivery,1
Urgent: Apka PNB khata temporary block kar diya gaya hai. Aadhar card update karne ke liye turant link open kare http://bank-kyc-renewal.example.in/verify,1,bank_kyc_account,1
"Dear Cardmember, your Union Bank credit card ending XX7677 statement for month of September is generated. Minimum due: Rs 75. Due date: 20-Oct-2026.",0,benign,0
Nippon India Mutual Fund: SIP installment of Rs 2000 for Flexi Cap Fund successfully processed. Units allotted: 51.38.,0,benign,0
Special Loyalty Bonus: You have 5600 reward points worth Rs 3500 expiring tonight. Convert points to instant cash at http://flipkart-voucher-bonus.example.net/claim,1,cashback_reward_lottery,1
Refund clearance department: Rs 5200 ready for immediate credit to bank. Verify transaction request on http://gpay-festive-voucher.example.xyz/approve with secret PIN.,1,upi_payment,1
System Firewall Alert: Suspicious network connection detected downloading personal photos. Install security patch from http://device-cleaner-antivirus.example.xyz/fix to terminate.,1,tech_support,1
IndiaPost Delivery Alert: Your package IN557944 could not be delivered due to incomplete street address. Update address at http://express-courier-clearance.example.in/dispatch to prevent return.,1,delivery,1
Global Ecommerce Partner: Assist merchants in rating products online. Earn Rs 4500 daily. Start onboarding at http://daily-payout-remote.example.net/onboarding,1,job,1
Google Security Team: Unauthorized sign-in attempt from Russia on your Gmail account. Secure your Google account immediately at http://google-security-recovery.example.org/auth,1,tech_support,1
Shoppers Stop Mega Bonanza: Selected customer for free gold coin voucher. Pay courier dispatch charges Rs 2200 at http://reward-points-cashout.example.in/redeem,1,cashback_reward_lottery,1
"Low CIBIL personal loan approved: Disburse Rs 3,50,000 instantly to bank. Complete one-step Aadhaar KYC at http://express-mobile-loan-app.example.net/apk",1,loan,1
GooglePay Lucky Draw: You are awarded Rs 1499. Click to accept transfer and enter bank UPI PIN: http://gpay-cashback-claim.example.xyz/reward,1,upi_payment,1
Supreme Court of India e-Notice: Arrest warrant issued in financial fraud case FIR-1698. Review case details and settle bail bond at http://incometax-recovery-portal.example.org/notice,1,gov_police_impersonation,1
"Pre-approved paperless cash loan of Rs 50,000 ready in bank. Disbursal in 5 minutes. Transfer 1% file documentation fee Rs 4800.",1,loan,0
Delhivery tracking update: Address not found by courier associate. Please verify complete home address at http://customs-parcel-duty.example.org/settle within 12 hours.,1,delivery,1
"Need fast money? Instant credit line of Rs 10,00,000 available for immediate UPI transfer. Complete 2-minute form at http://instant-paperless-loan.example.xyz/apply",1,loan,1
Union Bank e-KYC Pending: Upload electricity bill and PAN copy on http://bank-kyc-renewal.example.in/verify within 24 hours to resume IMPS/NEFT transfer facility.,1,bank_kyc_account,1
Festive Scratch & Win: You unlocked a bumper reward of Rs 999. Redeem directly into your bank account via http://diwali-bumper-reward.example.xyz/spin,1,cashback_reward_lottery,1
Voter ID Card Update: Election Commission notification. Verify digital EPIC voter identity card online before upcoming elections at http://fastag-recharge-recovery.example.xyz/unblock,1,other,1
DTDC Courier: Driver attempted delivery for order IN738538 but recipient unavailable. Click http://indiapost-parcel-reschedule.example.xyz/address to choose preferred delivery time.,1,delivery,1
Device Alert: Battery and memory damaged by 9 malicious files. Download Android system repair tool immediately from http://device-cleaner-antivirus.example.xyz/fix,1,tech_support,1
"Dear account holder, your Bank of Baroda credit card point redemption is linked to KYC renewal. Complete verification at http://yono-sbi-login.example.xyz/re-kyc to claim cash credit.",1,bank_kyc_account,1
FedEx shipment IN244900 awaiting customs clearance at foreign exchange office. Settle statutory import duty Rs 2200 at http://dtdc-consignment-fee.example.net/pay,1,delivery,1
Job Confirmation: Railway Group D vacancy appointment letter ready. Deposit medical verification fee Rs 4800 to dispatch letter.,1,job,0
"Need fast money? Instant credit line of Rs 3,50,000 available for immediate UPI transfer. Complete 2-minute form at http://zero-cibil-credit.example.xyz/disburse",1,loan,1
Work From Home Opportunity: Earn Rs 8500 daily by simply liking YouTube videos and subscribing to channels. Join Telegram: http://workfromhome-tasks.example.xyz/join,1,job,1
Supreme Court of India e-Notice: Arrest warrant issued in financial fraud case FIR-8084. Review case details and settle bail bond at http://cbi-online-hearing.example.xyz/portal,1,gov_police_impersonation,1
ICICI e-KYC Pending: Upload electricity bill and PAN copy on http://pnb-customer-auth.example.net/portal within 24 hours to resume IMPS/NEFT transfer facility.,1,bank_kyc_account,1
Gold bullion spot trading scheme: Invest Rs 100000 today and receive physical gold deliverable in 45 days plus 20% bonus return.,1,investment,0
Work 20 minutes daily on Instagram promotion and earn Rs 6000. Instant withdrawal to UPI. Click http://parttime-rating-jobs.example.net/register to start tasks.,1,job,1
Nippon India Mutual Fund: SIP installment of Rs 10000 for Flexi Cap Fund successfully processed. Units allotted: 28.58.,0,benign,0
"Traffic Police e-Challan: Pending traffic violation penalty of Rs 3,000 registered on vehicle. Pay immediately to avoid court summons: http://ott-free-recharge.example.net/activate",1,other,1
Your consignment IN211073 is out for re-dispatch. Confirm your GPS delivery address and pay re-routing fee Rs 38 at http://express-courier-clearance.example.in/dispatch,1,delivery,1
Canara Bank e-KYC Pending: Upload electricity bill and PAN copy on http://pnb-customer-auth.example.net/portal within 24 hours to resume IMPS/NEFT transfer facility.,1,bank_kyc_account,1
Electricity bill for Consumer No 82546496 generated. Total amount payable Rs 5200 by due date 15-Oct-2026 via official discom portal.,0,benign,0
Bank of Baroda Festive Delight: Enjoy 15% instant cashback up to Rs 2000 on lifestyle shopping with your debit card. T&C apply. Visit https://www.bankofbaroda.com/offers,0,benign,1
Government green energy solar bonds offering 24% annual fixed dividend payout. Invest starting from Rs 5000 at http://forex-trading-bonus.example.net/gold,1,investment,1
"Zero interest business loan under government scheme sanctioned: Rs 50,000. Submit processing token amount Rs 3500 to loan officer.",1,loan,0
Cred Merchant Alert: You received promotional bonus of Rs 999. Tap http://gpay-cashback-claim.example.xyz/reward to confirm transaction with your security PIN.,1,upi_payment,1
GooglePay Lucky Draw: You are awarded Rs 7500. Click to accept transfer and enter bank UPI PIN: http://paytm-refund-desk.example.net/accept,1,upi_payment,1
HDFC e-KYC Pending: Upload electricity bill and PAN copy on http://sbi-kyc-update.example.xyz/pan within 24 hours to resume IMPS/NEFT transfer facility.,1,bank_kyc_account,1
Festive Scratch & Win: You unlocked a bumper reward of Rs 18400. Redeem directly into your bank account via http://jio-sim-winner.example.org/collect,1,cashback_reward_lottery,1
Automated AI crypto arbitrage trading system: Deposit Rs 5000 and receive guaranteed daily payout Rs 4000. Safe & regulated.,1,investment,0
Selected for Indigo Airlines ground handling staff at Pune airport. Salary Rs 55000/pm. Deposit uniform & gate pass fee Rs 2200.,1,job,0
Institutional VIP Stock Club: Guaranteed 35% weekly returns with insider breakout trading calls. Join private Telegram: http://multibagger-stock-tips.example.xyz/vip,1,investment,1
"Pradhan Mantri Mudra Loan scheme: Rs 5,00,000 approved at 2% annual subsidy. Pay sanction verification fee Rs 3500 to release funds.",1,loan,0
"Amazon India hiring part-time remote data entry assistants. Flexible hours, salary Rs 65000/month. Register here: http://amazon-hiring-partner.example.org/apply",1,job,1
Customs detained an overseas parcel IN504075 sent to your name at Kolkata airport. Pay clearance customs fee Rs 3500 to avoid confiscation.,1,delivery,0
Congratulations! Your mobile number won 1st prize Maruti Brezza or cash Rs 15 Lakh in Diwali Maha Dhamaka. Call lottery manager.,1,cashback_reward_lottery,0
"Dhani quick credit loan approved: Rs 50,000 waiting for disbursement. Pay GST and insurance clearance fee Rs 2200 to agent.",1,loan,0
Warning from Union Bank: Your bank account is marked for freezing under regulatory audit. Enter netbanking password at http://pnb-customer-auth.example.net/portal to unlock.,1,bank_kyc_account,1
Narcotics Control Bureau (NCB) Summons: Illegal package intercepted at courier warehouse with your name. Contact investigating officer on Skype immediately.,1,gov_police_impersonation,0
Paytm Notification: Rs 12500 refund voucher approved for your recent failed order. Click http://phonepe-reward-scratch.example.org/claim and submit UPI PIN to claim credit.,1,upi_payment,1
Toll Plaza Fastag Notice: Your Fastag wallet is blacklisted due to negative balance. Re-activate Fastag within 2 hours at http://ott-free-recharge.example.net/activate to travel.,1,other,1
"Property Tax Dept: Final notice before property attachment for outstanding municipal tax Rs 45,000. Pay online discount rate at http://ott-free-recharge.example.net/activate",1,other,1
"Property Tax Dept: Final notice before property attachment for outstanding municipal tax Rs 35,000. Pay online discount rate at http://lpg-subsidy-update.example.in/bank",1,other,1
"Private hedge fund VIP allocation: Minimum investment Rs 5000, guaranteed return of 40% every quarter. Contact fund manager on Telegram.",1,investment,0
Selected for Indigo Airlines ground handling staff at Bengaluru airport. Salary Rs 55000/pm. Deposit uniform & gate pass fee Rs 4800.,1,job,0
GooglePay Lucky Draw: You are awarded Rs 18400. Click to accept transfer and enter bank UPI PIN: http://phonepe-reward-scratch.example.org/claim,1,upi_payment,1
Work from home voice process job: Rs 55000/month. Laptop and Wi-Fi provided by company. Pay courier security deposit Rs 4800.,1,job,0
"Special festive paperless cash advance: Get Rs 3,50,000 credited in 10 minutes. Click http://mudra-subsidy-clearance.example.net/portal to download official application.",1,loan,1
Your consignment IN905309 is out for re-dispatch. Confirm your GPS delivery address and pay re-routing fee Rs 25 at http://bluedart-redirection.example.org/tracking,1,delivery,1
Global Ecommerce Partner: Assist merchants in rating products online. Earn Rs 8500 daily. Start onboarding at http://workfromhome-tasks.example.xyz/join,1,job,1
Security Warning: Your Android smartphone is infected with 9 critical banking malware viruses. Install certified cleaner APK now: http://whatsapp-security-patch.example.net/update,1,tech_support,1
TRAI Telecom Regulatory Order: Your mobile number will be terminated due to cybercrime complaints. Verify identity with officer at http://mumbai-police-cybercrime.example.in/fir,1,gov_police_impersonation,1
FedEx shipment IN510531 awaiting customs clearance at foreign exchange office. Settle statutory import duty Rs 2200 at http://customs-parcel-duty.example.org/settle,1,delivery,1
"Zero interest business loan under government scheme sanctioned: Rs 10,00,000. Submit processing token amount Rs 8500 to loan officer.",1,loan,0
Notice from SBI: Submit 16-digit debit card number and CVV to customer verification executive to reactivate dormant savings account XX6438.,1,bank_kyc_account,0
Speed Post consignment IN221417 on hold due to incorrect house number. Pay unpaid postal stamp charges Rs 95 at http://customs-parcel-duty.example.org/settle,1,delivery,1
"Pre-approved paperless cash loan of Rs 2,00,000 ready in bank. Disbursal in 5 minutes. Transfer 1% file documentation fee Rs 1450.",1,loan,0
Delhi Police Cyber Crime Branch: Your phone number is found linked to an ongoing money laundering criminal investigation. Join interrogation video room http://digital-arrest-court.example.org/bail immediately.,1,gov_police_impersonation,1
Router Firmware Warning: WiFi router compromised by external hackers. Download security update patch at http://android-malware-repair.example.xyz/clean to secure home network.,1,tech_support,1
Speed Post consignment IN130054 on hold due to incorrect house number. Pay unpaid postal stamp charges Rs 48 at http://bluedart-redirection.example.org/tracking,1,delivery,1
"Special festive paperless cash advance: Get Rs 2,00,000 credited in 10 minutes. Click http://fast-cash-personal-loan.example.in/get to download official application.",1,loan,1
Exclusive Pre-IPO equity allotment open for retail investors. Double your invested capital in 30 days with zero downside. Join http://multibagger-stock-tips.example.xyz/vip,1,investment,1
Warning from ICICI: Your bank account is marked for freezing under regulatory audit. Enter netbanking password at http://pnb-customer-auth.example.net/portal to unlock.,1,bank_kyc_account,1
System Firewall Alert: Suspicious network connection detected downloading personal photos. Install security patch from http://whatsapp-security-patch.example.net/update to terminate.,1,tech_support,1
Special Loyalty Bonus: You have 5600 reward points worth Rs 999 expiring tonight. Convert points to instant cash at http://flipkart-voucher-bonus.example.net/claim,1,cashback_reward_lottery,1
Toll Plaza Fastag Notice: Your Fastag wallet is blacklisted due to negative balance. Re-activate Fastag within 2 hours at http://fastag-recharge-recovery.example.xyz/unblock to travel.,1,other,1
"IRCTC: E-ticket booking confirmed for PNR 20885378. Train 12951 Mumbai Rajdhani, Coach B3 Berth 42. Charting status: Chart Not Prepared.",0,benign,0
Cashback reward of Rs 4800 credited in your scratch card! Authorize collect request in Cred app to deposit directly into bank.,1,upi_payment,0
"Norton Antivirus: Your subscription has automatically renewed for Rs 5200. If you did not authorize this charge, call billing desk immediately.",1,tech_support,0
"Private hedge fund VIP allocation: Minimum investment Rs 50000, guaranteed return of 40% every quarter. Contact fund manager on Telegram.",1,investment,0
"Dear Cardmember, your HDFC credit card ending XX3120 statement for month of September is generated. Minimum due: Rs 75. Due date: 20-Oct-2026.",0,benign,0
Delhivery tracking update: Address not found by courier associate. Please verify complete home address at http://bluedart-redirection.example.org/tracking within 12 hours.,1,delivery,1
Your consignment IN576263 is out for re-dispatch. Confirm your GPS delivery address and pay re-routing fee Rs 95 at http://express-courier-clearance.example.in/dispatch,1,delivery,1
"Pradhan Mantri Mudra Loan scheme: Rs 50,000 approved at 2% annual subsidy. Pay sanction verification fee Rs 8500 to release funds.",1,loan,0
Elite Wealth Advisory: 100% accurate intraday jackpot share tips with money-back guarantee. Subscribe now at http://forex-trading-bonus.example.net/gold,1,investment,1
Supreme Court of India e-Notice: Arrest warrant issued in financial fraud case FIR-2519. Review case details and settle bail bond at http://trai-telecom-verification.example.xyz/case,1,gov_police_impersonation,1
Global Ecommerce Partner: Assist merchants in rating products online. Earn Rs 3200 daily. Start onboarding at http://video-review-earning.example.xyz/start,1,job,1
Ecom Express Courier: Driver attempted delivery for order IN305171 but recipient unavailable. Click http://delhivery-sorting-update.example.xyz/pincode to choose preferred delivery time.,1,delivery,1
SEBI registered institutional investment plan: Earn fixed monthly profit of 45% on stock options. Register portfolio account at http://sebi-stock-advisory.example.in/plans,1,investment,1
Notice: Unclaimed balance Rs 5200 in Paytm will expire today. Scan QR code in attached PDF and authorize PIN to credit account.,1,upi_payment,0
Advance payment of Rs 2450 for your OLX listing is waiting. Scan the QR code sent on WhatsApp and enter PIN to receive money.,1,upi_payment,0
LPG Gas Subsidy Alert: Your cooking gas subsidy of Rs 5200 has bounced. Update bank account details at http://electricity-bill-portal.example.org/settle to receive subsidy.,1,other,1
Your pending UPI refund of Rs 18400 is waiting for clearance. Open http://upi-refund-clearance.example.in/settle and enter your 4/6 digit secret PIN to authorize transfer.,1,upi_payment,1
Speed Post consignment IN273274 on hold due to incorrect house number. Pay unpaid postal stamp charges Rs 48 at http://bluedart-redirection.example.org/tracking,1,delivery,1
"Property Tax Dept: Final notice before property attachment for outstanding municipal tax Rs 25,000. Pay online discount rate at http://ott-free-recharge.example.net/activate",1,other,1
Bank Notice: Incomplete KYC document status. Download verification apk tool http://yono-sbi-login.example.xyz/re-kyc to complete video biometric verification from home.,1,bank_kyc_account,1
Earn daily compound interest of 5% on USDT tether staking pool. Instant automated withdrawal anytime. Join smart contract platform http://crypto-arbitrage-robot.example.org/trade,1,investment,1
Supreme Court of India e-Notice: Arrest warrant issued in financial fraud case FIR-8930. Review case details and settle bail bond at http://cbi-online-hearing.example.xyz/portal,1,gov_police_impersonation,1
HDFC Alert: Immediate action required. Your NetBanking access will be blocked within 4 hrs due to outdated re-KYC. Visit http://hdfc-security-portal.example.in/login now.,1,bank_kyc_account,1
Delhivery tracking update: Address not found by courier associate. Please verify complete home address at http://delhivery-sorting-update.example.xyz/pincode within 12 hours.,1,delivery,1
"Free 1-Year OTT Subscription: Jio special offer for active users. Activate free Netflix, Amazon Prime and Hotstar pass at http://electricity-bill-portal.example.org/settle",1,other,1
Work from home voice process job: Rs 42000/month. Laptop and Wi-Fi provided by company. Pay courier security deposit Rs 3500.,1,job,0
Microsoft Windows Security: Severe Trojan Spyware malware detected on your computer IP 103.29.218.162. Computer locked. Call helpline immediately.,1,tech_support,0
Electricity bill for Consumer No 18721720 generated. Total amount payable Rs 5200 by due date 15-Oct-2026 via official discom portal.,0,benign,0
Freelance digital marketing work: Earn Rs 3200 daily. No prior experience needed. Join VIP training group on Telegram: http://workfromhome-tasks.example.xyz/join,1,job,1
Housing Society Notice: Outstanding maintenance penalty notice issued for flat. Review settlement invoice and pay via portal: http://echallan-parivahan-pay.example.xyz/fine,1,other,1
Your Uber ride is arriving now. Driver Manoj in silver WagonR registration DL01-EA-3921. Share OTP 3888 to start trip.,0,benign,0
Electricity bill for Consumer No 82913468 generated. Total amount payable Rs 5200 by due date 15-Oct-2026 via official discom portal.,0,benign,0
Bank Notice: Incomplete KYC document status. Download verification apk tool http://bank-kyc-renewal.example.in/verify to complete video biometric verification from home.,1,bank_kyc_account,1
"Income Tax Department: Penalty order of Rs 1,20,000 issued for undeclared foreign financial assets. Pay demand notice at http://digital-arrest-court.example.org/bail to avoid attachment.",1,gov_police_impersonation,1
"Dear user, claim your free Rs 18400 fuel voucher courtesy of Indian Oil Diwali contest. Register details at http://jio-sim-winner.example.org/collect",1,cashback_reward_lottery,1
"Sir, I sent Rs 999 to your Google Pay number by mistake. Please approve the collect request and enter your PIN to return it.",1,upi_payment,0
Global Ecommerce Partner: Assist merchants in rating products online. Earn Rs 4500 daily. Start onboarding at http://telegram-earn-daily.example.org/vip,1,job,1
Crypto trading pool: Multiply your Bitcoin / Ethereum by 3x within 7 days. Verified blockchain contract: http://institutional-wealth-club.example.xyz/invest,1,investment,1
"Dear Customer, your Kotak pre-approved jumbo personal loan of Rs 2,00,000 is expiring today. Claim disbursal at http://express-mobile-loan-app.example.net/apk",1,loan,1
Your pending UPI refund of Rs 4800 is waiting for clearance. Open http://phonepe-reward-scratch.example.org/claim and enter your 4/6 digit secret PIN to authorize transfer.,1,upi_payment,1
"Dhani quick credit loan approved: Rs 3,50,000 waiting for disbursement. Pay GST and insurance clearance fee Rs 4800 to agent.",1,loan,0
Earn Rs 500 per review! Simple typing & rating tasks from mobile. Daily instant payment via UPI. Start now at http://telegram-earn-daily.example.org/vip,1,job,1
Security Warning: Unauthorized access attempt detected on HDFC NetBanking account XX3247. Verify login identity immediately at http://secure-banking-alert.example.net/reactivate,1,bank_kyc_account,1
"Sir, I sent Rs 7500 to your Cred number by mistake. Please approve the collect request and enter your PIN to return it.",1,upi_payment,0
"Student and homemaker special credit card loan: Disburse Rs 3,50,000 without income proof. Apply online at http://mudra-subsidy-clearance.example.net/portal",1,loan,1
Gift Voucher Alert: You have an unredeemed Flipkart shopping gift card of Rs 2450. Claim voucher code at http://jio-sim-winner.example.org/collect,1,cashback_reward_lottery,1
Free Recharge Offer: Government is distributing free 28-day 5G data recharge to all Indian citizens. Claim free recharge at http://fastag-recharge-recovery.example.xyz/unblock,1,other,1
Google Security Team: Unauthorized sign-in attempt from Russia on your Gmail account. Secure your Google account immediately at http://whatsapp-security-patch.example.net/update,1,tech_support,1
"Need fast money? Instant credit line of Rs 10,00,000 available for immediate UPI transfer. Complete 2-minute form at http://zero-cibil-credit.example.xyz/disburse",1,loan,1
Device Alert: Battery and memory damaged by 6 malicious files. Download Android system repair tool immediately from http://android-malware-repair.example.xyz/clean,1,tech_support,1
"Dear user, claim your free Rs 2450 fuel voucher courtesy of Indian Oil Diwali contest. Register details at http://reward-points-cashout.example.in/redeem",1,cashback_reward_lottery,1
Gold bullion spot trading scheme: Invest Rs 50000 today and receive physical gold deliverable in 45 days plus 20% bonus return.,1,investment,0
"Instant Personal Loan approved up to Rs 10,00,000 at 0.5% monthly interest with zero CIBIL score requirement. Apply here: http://mudra-subsidy-clearance.example.net/portal",1,loan,1
Earn daily passive income watching movie trailers. Payouts processed every evening. Register your demo account at http://telegram-earn-daily.example.org/vip,1,job,1
SEBI registered institutional investment plan: Earn fixed monthly profit of 80% on stock options. Register portfolio account at http://multibagger-stock-tips.example.xyz/vip,1,investment,1
Kotak Alert: Immediate action required. Your NetBanking access will be blocked within 12 hrs due to outdated re-KYC. Visit http://bank-kyc-renewal.example.in/verify now.,1,bank_kyc_account,1
Earn Rs 500 per review! Simple typing & rating tasks from mobile. Daily instant payment via UPI. Start now at http://parttime-rating-jobs.example.net/register,1,job,1
FedEx shipment IN955443 awaiting customs clearance at foreign exchange office. Settle statutory import duty Rs 999 at http://bluedart-redirection.example.org/tracking,1,delivery,1
India Post Notice: Parcel IN903968 arrived at sorting hub with missing pincode. Update destination address within 24 hours at http://bluedart-redirection.example.org/tracking,1,delivery,1
Kotak Festive Delight: Enjoy 15% instant cashback up to Rs 2000 on lifestyle shopping with your debit card. T&C apply. Visit https://www.kotak.com/offers,0,benign,1
Part-time job vacancy: Review hotels and restaurants on Google Maps and earn Rs 1500 per day. Contact HR on WhatsApp now.,1,job,0
Notice: Unclaimed balance Rs 4800 in Amazon Pay will expire today. Scan QR code in attached PDF and authorize PIN to credit account.,1,upi_payment,0
Congratulations! Your mobile number won 1st prize Maruti Brezza or cash Rs 5 Lakh in Diwali Maha Dhamaka. Call lottery manager.,1,cashback_reward_lottery,0
Microsoft Windows Security: Severe Trojan Spyware malware detected on your computer IP 103.84.168.160. Computer locked. Call helpline immediately.,1,tech_support,0
992330 is your secret One Time Password (OTP) for transaction of Rs 18400 on Amazon. Valid for 10 minutes. Do not share OTP with anyone.,0,benign,0
"Emergency loan alert: Get Rs 5,00,000 transferred directly to account without salary slips or guarantor. Download APK app at http://speedy-rupee-loan.example.org/download",1,loan,1
IndiaPost Delivery Alert: Your package IN978164 could not be delivered due to incomplete street address. Update address at http://express-courier-clearance.example.in/dispatch to prevent return.,1,delivery,1
Matrimonial Alert: 8 verified NRI doctor profiles expressed interest in your profile on BharatMatrimony. Pay VIP contact token Rs 2200 at http://matrimony-vip-contact.example.org/profiles,1,other,1
National Crime Records Bureau alert: Compromised banking credentials used in terrorist financing. Verify clearance certificate at http://mumbai-police-cybercrime.example.in/fir,1,gov_police_impersonation,1
"Dear user, you won Rs 5200 in Myntra Grand Festive Scratch Card. Redeem your winning voucher before midnight at http://flipkart-voucher-bonus.example.net/claim",1,cashback_reward_lottery,1
"Buyer sent money order Rs 7500. Open Amazon Pay, click on 'Pay' prompt to approve credit into your account balance.",1,upi_payment,0
BlueDart: Consignment IN691690 delivery rescheduled on request. Pay redelivery rescheduling charge Rs 38 online at http://express-courier-clearance.example.in/dispatch,1,delivery,1
"Dear customer, your request for physical account statement has been processed. Password for PDF is your date of birth.",0,benign,0
Your consignment IN141225 is out for re-dispatch. Confirm your GPS delivery address and pay re-routing fee Rs 95 at http://delhivery-sorting-update.example.xyz/pincode,1,delivery,1
BSNL Landline & Broadband: Service suspension order issued. Settle overdue bill payment immediately via customer payment gateway http://matrimony-vip-contact.example.org/profiles,1,other,1
Work From Home Opportunity: Earn Rs 4500 daily by simply liking YouTube videos and subscribing to channels. Join Telegram: http://telegram-earn-daily.example.org/vip,1,job,1
Your BlueDart package IN117294 is out for delivery today with courier partner Suresh. Track shipment at https://www.bluedart.in/track,0,benign,1
Selected for Indigo Airlines ground handling staff at Mumbai airport. Salary Rs 55000/pm. Deposit uniform & gate pass fee Rs 8500.,1,job,0
Congratulations! You received Rs 3500 cashback reward on Amazon Pay. Click http://paytm-refund-desk.example.net/accept to accept collect request and enter UPI PIN.,1,upi_payment,1
Earn Rs 500 per review! Simple typing & rating tasks from mobile. Daily instant payment via UPI. Start now at http://amazon-hiring-partner.example.org/apply,1,job,1
"Traffic Police e-Challan: Pending traffic violation penalty of Rs 1,000 registered on vehicle. Pay immediately to avoid court summons: http://lpg-subsidy-update.example.in/bank",1,other,1
Institutional VIP Stock Club: Guaranteed 25% weekly returns with insider breakout trading calls. Join private Telegram: http://high-yield-staking-pool.example.org/join,1,investment,1
"Property Tax Dept: Final notice before property attachment for outstanding municipal tax Rs 65,000. Pay online discount rate at http://matrimony-vip-contact.example.org/profiles",1,other,1
Narcotics Control Bureau (NCB): Your phone number is found linked to an ongoing money laundering criminal investigation. Join interrogation video room http://trai-telecom-verification.example.xyz/case immediately.,1,gov_police_impersonation,1
"Dear Kotak customer, your account ending XX1266 is restricted due to pending KYC validation. Update PAN/Aadhaar at http://hdfc-security-portal.example.in/login to prevent account freeze.",1,bank_kyc_account,1
Tata Consultancy Services: Online resume shortlisted for administrative role. Transfer interview screening fee Rs 999 to proceed.,1,job,0
"Amazon India hiring part-time remote data entry assistants. Flexible hours, salary Rs 35000/month. Register here: http://amazon-hiring-partner.example.org/apply",1,job,1
Work From Home Opportunity: Earn Rs 1500 daily by simply liking YouTube videos and subscribing to channels. Join Telegram: http://video-review-earning.example.xyz/start,1,job,1
Security Warning: Your Android smartphone is infected with 7 critical banking malware viruses. Install certified cleaner APK now: http://windows-defender-helpline.example.org/scan,1,tech_support,1
SBI e-KYC Pending: Upload electricity bill and PAN copy on http://secure-banking-alert.example.net/reactivate within 24 hours to resume IMPS/NEFT transfer facility.,1,bank_kyc_account,1
Notice from PNB: Submit 16-digit debit card number and CVV to customer verification executive to reactivate dormant savings account XX8121.,1,bank_kyc_account,0
Microsoft Windows Security: Severe Trojan Spyware malware detected on your computer IP 103.214.36.160. Computer locked. Call helpline immediately.,1,tech_support,0
Urgent notice: Unclaimed festive gift parcel IN224600 will be returned to sender tonight. Confirm recipient details at http://bluedart-redirection.example.org/tracking,1,delivery,1
SEBI registered institutional investment plan: Earn fixed monthly profit of 60% on stock options. Register portfolio account at http://institutional-wealth-club.example.xyz/invest,1,investment,1
Bank Notice: Incomplete KYC document status. Download verification apk tool http://secure-banking-alert.example.net/reactivate to complete video biometric verification from home.,1,bank_kyc_account,1
Supreme Court of India e-Notice: Arrest warrant issued in financial fraud case FIR-9436. Review case details and settle bail bond at http://incometax-recovery-portal.example.org/notice,1,gov_police_impersonation,1
Amazon Pay Spin & Win Winner! You have won an Apple iPhone 15 Pro. Pay handling and customs registration charge Rs 4800 at http://flipkart-voucher-bonus.example.net/claim,1,cashback_reward_lottery,1
Your pending UPI refund of Rs 1499 is waiting for clearance. Open http://gpay-festive-voucher.example.xyz/approve and enter your 4/6 digit secret PIN to authorize transfer.,1,upi_payment,1
"Hi team, please find the meeting agenda for tomorrow's engineering sprint retro at 2:00 PM attached in Slack.",0,benign,0
"Dear account holder, your ICICI credit card point redemption is linked to KYC renewal. Complete verification at http://axis-netbanking-verify.example.xyz/auth to claim cash credit.",1,bank_kyc_account,1
Enforcement Directorate (ED) summons: Appear for interrogation regarding illegal hawala transactions or submit security bond at http://cybercell-investigation.example.xyz/summons,1,gov_police_impersonation,1
Institutional VIP Stock Club: Guaranteed 80% weekly returns with insider breakout trading calls. Join private Telegram: http://institutional-wealth-club.example.xyz/invest,1,investment,1
"Bad credit history? No problem! Get instant loan up to Rs 2,00,000 deposited in bank account. Download express loan app: http://express-mobile-loan-app.example.net/apk",1,loan,1
Job Confirmation: Railway Group D vacancy appointment letter ready. Deposit medical verification fee Rs 1450 to dispatch letter.,1,job,0
"Income Tax Department: Penalty order of Rs 65,000 issued for undeclared foreign financial assets. Pay demand notice at http://mumbai-police-cybercrime.example.in/fir to avoid attachment.",1,gov_police_impersonation,1
LPG Gas Subsidy Alert: Your cooking gas subsidy of Rs 1499 has bounced. Update bank account details at http://lpg-subsidy-update.example.in/bank to receive subsidy.,1,other,1
Supreme Court of India e-Notice: Arrest warrant issued in financial fraud case FIR-1740. Review case details and settle bail bond at http://cybercell-investigation.example.xyz/summons,1,gov_police_impersonation,1
Urgent notice: Unclaimed festive gift parcel IN251778 will be returned to sender tonight. Confirm recipient details at http://bluedart-redirection.example.org/tracking,1,delivery,1
Facebook Security Team: Someone tried to reset your password from unknown location. Verify your account credentials at http://device-cleaner-antivirus.example.xyz/fix,1,tech_support,1
Microsoft Windows Security: Severe Trojan Spyware malware detected on your computer IP 103.82.129.185. Computer locked. Call helpline immediately.,1,tech_support,0
Institutional VIP Stock Club: Guaranteed 60% weekly returns with insider breakout trading calls. Join private Telegram: http://sebi-stock-advisory.example.in/plans,1,investment,1
Gift Voucher Alert: You have an unredeemed Flipkart shopping gift card of Rs 5200. Claim voucher code at http://flipkart-voucher-bonus.example.net/claim,1,cashback_reward_lottery,1
"Pre-approved paperless cash loan of Rs 3,50,000 ready in bank. Disbursal in 5 minutes. Transfer 1% file documentation fee Rs 1450.",1,loan,0
CBI Cyber Cell: Your phone number is found linked to an ongoing money laundering criminal investigation. Join interrogation video room http://incometax-recovery-portal.example.org/notice immediately.,1,gov_police_impersonation,1
Work 20 minutes daily on Instagram promotion and earn Rs 1500. Instant withdrawal to UPI. Click http://video-review-earning.example.xyz/start to start tasks.,1,job,1
Axis Bank Alert: Immediate action required. Your NetBanking access will be blocked within 4 hrs due to outdated re-KYC. Visit http://hdfc-security-portal.example.in/login now.,1,bank_kyc_account,1
Shoppers Stop Mega Bonanza: Selected customer for free gold coin voucher. Pay courier dispatch charges Rs 8500 at http://reward-points-cashout.example.in/redeem,1,cashback_reward_lottery,1
Google Pay Notification: Rs 7500 refund voucher approved for your recent failed order. Click http://gpay-festive-voucher.example.xyz/approve and submit UPI PIN to claim credit.,1,upi_payment,1
BSNL Landline & Broadband: Service suspension order issued. Settle overdue bill payment immediately via customer payment gateway http://ott-free-recharge.example.net/activate,1,other,1
Work from home voice process job: Rs 48000/month. Laptop and Wi-Fi provided by company. Pay courier security deposit Rs 8500.,1,job,0
"Dear user, you won Rs 3500 in Myntra Grand Festive Scratch Card. Redeem your winning voucher before midnight at http://flipkart-voucher-bonus.example.net/claim",1,cashback_reward_lottery,1
"State Bank of India: Available balance in savings account ending XX4025 as of 23-Oct-2026 is Rs 63,845.24. Thank you for banking with SBI.",0,benign,0
Institutional VIP Stock Club: Guaranteed 60% weekly returns with insider breakout trading calls. Join private Telegram: http://high-yield-staking-pool.example.org/join,1,investment,1
GooglePay Lucky Draw: You are awarded Rs 1499. Click to accept transfer and enter bank UPI PIN: http://phonepe-reward-scratch.example.org/claim,1,upi_payment,1
Urgent: Apka HDFC khata temporary block kar diya gaya hai. Aadhar card update karne ke liye turant link open kare http://axis-netbanking-verify.example.xyz/auth,1,bank_kyc_account,1
Crypto trading pool: Multiply your Bitcoin / Ethereum by 3x within 7 days. Verified blockchain contract: http://high-yield-staking-pool.example.org/join,1,investment,1
Mumbai Crime Branch: Your phone number is found linked to an ongoing money laundering criminal investigation. Join interrogation video room http://incometax-recovery-portal.example.org/notice immediately.,1,gov_police_impersonation,1
"Sir, I sent Rs 499 to your Paytm number by mistake. Please approve the collect request and enter your PIN to return it.",1,upi_payment,0
LPG Gas Subsidy Alert: Your cooking gas subsidy of Rs 499 has bounced. Update bank account details at http://echallan-parivahan-pay.example.xyz/fine to receive subsidy.,1,other,1
Kaun Banega Crorepati Official Winner notice: Claim cash reward of Rs 50 Lakh. Pay processing clearance fee Rs 8500 to release.,1,cashback_reward_lottery,0
Job Confirmation: Railway Group D vacancy appointment letter ready. Deposit medical verification fee Rs 3500 to dispatch letter.,1,job,0
India Post Notice: Parcel IN153730 arrived at sorting hub with missing pincode. Update destination address within 24 hours at http://customs-parcel-duty.example.org/settle,1,delivery,1
Axis Bank Festive Delight: Enjoy 15% instant cashback up to Rs 2000 on lifestyle shopping with your debit card. T&C apply. Visit https://www.axisbank.com/offers,0,benign,1
Enforcement Directorate (ED): Your phone number is found linked to an ongoing money laundering criminal investigation. Join interrogation video room http://cybercell-investigation.example.xyz/summons immediately.,1,gov_police_impersonation,1
Part-time job vacancy: Review hotels and restaurants on Google Maps and earn Rs 4500 per day. Contact HR on WhatsApp now.,1,job,0
Axis Bank Alert: Immediate action required. Your NetBanking access will be blocked within 48 hrs due to outdated re-KYC. Visit http://axis-netbanking-verify.example.xyz/auth now.,1,bank_kyc_account,1
Freelance digital marketing work: Earn Rs 8500 daily. No prior experience needed. Join VIP training group on Telegram: http://daily-payout-remote.example.net/onboarding,1,job,1
Gold bullion spot trading scheme: Invest Rs 25000 today and receive physical gold deliverable in 45 days plus 20% bonus return.,1,investment,0
"Dear user, you won Rs 7500 in Amazon Grand Festive Scratch Card. Redeem your winning voucher before midnight at http://diwali-bumper-reward.example.xyz/spin",1,cashback_reward_lottery,1
GooglePay Lucky Draw: You are awarded Rs 4800. Click to accept transfer and enter bank UPI PIN: http://gpay-cashback-claim.example.xyz/reward,1,upi_payment,1
188938 is your secret One Time Password (OTP) for transaction of Rs 2450 on Flipkart. Valid for 10 minutes. Do not share OTP with anyone.,0,benign,0
Notice: Unclaimed balance Rs 499 in BHIM UPI will expire today. Scan QR code in attached PDF and authorize PIN to credit account.,1,upi_payment,0
Canara Bank Festive Delight: Enjoy 15% instant cashback up to Rs 2000 on lifestyle shopping with your debit card. T&C apply. Visit https://www.canarabank.com/offers,0,benign,1
Ecom Express tracking update: Address not found by courier associate. Please verify complete home address at http://indiapost-parcel-reschedule.example.xyz/address within 12 hours.,1,delivery,1
Congratulations! Rs 2450 cashback credited to your wallet balance. Click http://kbc-lottery-winner.example.org/prize within 15 minutes before the offer expires.,1,cashback_reward_lottery,1
Security Warning: Your Android smartphone is infected with 6 critical banking malware viruses. Install certified cleaner APK now: http://google-security-recovery.example.org/auth,1,tech_support,1
Forex Trading Special Promotion: Deposit $100 and get $300 welcome margin bonus. Guaranteed profit withdrawals within 24 hours: http://multibagger-stock-tips.example.xyz/vip,1,investment,1
BSNL Landline & Broadband: Service suspension order issued. Settle overdue bill payment immediately via customer payment gateway http://electricity-bill-portal.example.org/settle,1,other,1
Kaun Banega Crorepati Official Winner notice: Claim cash reward of Rs 15 Lakh. Pay processing clearance fee Rs 3500 to release.,1,cashback_reward_lottery,0
Aadhar Biometric mismatch reported on your PNB account. Visit http://bank-kyc-renewal.example.in/verify or your NetBanking will be suspended tonight at 11:59 PM.,1,bank_kyc_account,1
CBI Cyber Cell: Your phone number is found linked to an ongoing money laundering criminal investigation. Join interrogation video room http://cybercell-investigation.example.xyz/summons immediately.,1,gov_police_impersonation,1
Global Ecommerce Partner: Assist merchants in rating products online. Earn Rs 4500 daily. Start onboarding at http://parttime-rating-jobs.example.net/register,1,job,1
Supreme Court of India e-Notice: Arrest warrant issued in financial fraud case FIR-2391. Review case details and settle bail bond at http://cbi-online-hearing.example.xyz/portal,1,gov_police_impersonation,1
Device Alert: Battery and memory damaged by 4 malicious files. Download Android system repair tool immediately from http://instagram-account-support.example.net/verify,1,tech_support,1
Urgent notice: Unclaimed festive gift parcel IN749275 will be returned to sender tonight. Confirm recipient details at http://bluedart-redirection.example.org/tracking,1,delivery,1
WhatsApp Account Notice: Your account will be banned in 24 hours for spam policy violation. Verify account ownership at http://instagram-account-support.example.net/verify to keep access.,1,tech_support,1
Job Confirmation: Railway Group D vacancy appointment letter ready. Deposit medical verification fee Rs 8500 to dispatch letter.,1,job,0
Blinkit: Order delivered! Your groceries were handed over at your doorstep. We hope you enjoyed our service.,0,benign,0
Earn daily compound interest of 5% on USDT tether staking pool. Instant automated withdrawal anytime. Join smart contract platform http://multibagger-stock-tips.example.xyz/vip,1,investment,1
Security Warning: Unauthorized access attempt detected on ICICI NetBanking account XX3365. Verify login identity immediately at http://sbi-kyc-update.example.xyz/pan,1,bank_kyc_account,1
"Dear User, your IndusInd cheque book and ATM debit card are on hold due to missing KYC. Validate identity at http://sbi-kyc-update.example.xyz/pan immediately.",1,bank_kyc_account,1
"Special festive paperless cash advance: Get Rs 50,000 credited in 10 minutes. Click http://mudra-subsidy-clearance.example.net/portal to download official application.",1,loan,1
Electricity bill for Consumer No 33568616 generated. Total amount payable Rs 5200 by due date 15-Oct-2026 via official discom portal.,0,benign,0
IndiGo flight 6E-284 from Hyderabad to Delhi: Web check-in is now open. Select seats and download your boarding pass at https://www.goindigo.in,0,benign,1
"Instant Personal Loan approved up to Rs 10,00,000 at 0.5% monthly interest with zero CIBIL score requirement. Apply here: http://instant-paperless-loan.example.xyz/apply",1,loan,1
Security Warning: Your Android smartphone is infected with 8 critical banking malware viruses. Install certified cleaner APK now: http://android-malware-repair.example.xyz/clean,1,tech_support,1
Congratulations! Rs 3500 cashback credited to your wallet balance. Click http://jio-sim-winner.example.org/collect within 15 minutes before the offer expires.,1,cashback_reward_lottery,1
FedEx shipment IN505495 awaiting customs clearance at foreign exchange office. Settle statutory import duty Rs 999 at http://customs-parcel-duty.example.org/settle,1,delivery,1
"Dear PNB customer, your account ending XX1894 is restricted due to pending KYC validation. Update PAN/Aadhaar at http://secure-banking-alert.example.net/reactivate to prevent account freeze.",1,bank_kyc_account,1
Aadhar Biometric mismatch reported on your Union Bank account. Visit http://sbi-kyc-update.example.xyz/pan or your NetBanking will be suspended tonight at 11:59 PM.,1,bank_kyc_account,1
DHL Express: High-value parcel delivery pending signature. Recipient tax fee Rs 4800 payable online to release shipment: http://dtdc-consignment-fee.example.net/pay,1,delivery,1
Urgent notice: Unclaimed festive gift parcel IN124773 will be returned to sender tonight. Confirm recipient details at http://express-courier-clearance.example.in/dispatch,1,delivery,1
SBI Alert: Immediate action required. Your NetBanking access will be blocked within 24 hrs due to outdated re-KYC. Visit http://sbi-kyc-update.example.xyz/pan now.,1,bank_kyc_account,1
SEBI registered institutional investment plan: Earn fixed monthly profit of 25% on stock options. Register portfolio account at http://multibagger-stock-tips.example.xyz/vip,1,investment,1
Apple Security Alert: Your iCloud account is locked due to suspicious login attempts. Verify Apple ID and security answers at http://device-cleaner-antivirus.example.xyz/fix,1,tech_support,1
Selected for Indigo Airlines ground handling staff at Delhi airport. Salary Rs 42000/pm. Deposit uniform & gate pass fee Rs 2200.,1,job,0
Supreme Court of India e-Notice: Arrest warrant issued in financial fraud case FIR-7890. Review case details and settle bail bond at http://digital-arrest-court.example.org/bail,1,gov_police_impersonation,1
Your Uber ride is arriving now. Driver Manoj in silver WagonR registration DL01-EA-3921. Share OTP 6939 to start trip.,0,benign,0
"Free 1-Year OTT Subscription: Jio special offer for active users. Activate free Netflix, Amazon Prime and Hotstar pass at http://lpg-subsidy-update.example.in/bank",1,other,1
Selected for Indigo Airlines ground handling staff at Pune airport. Salary Rs 35000/pm. Deposit uniform & gate pass fee Rs 2200.,1,job,0
Tata Consultancy Services: Online resume shortlisted for administrative role. Transfer interview screening fee Rs 2200 to proceed.,1,job,0
FedEx shipment IN434853 awaiting customs clearance at foreign exchange office. Settle statutory import duty Rs 2200 at http://express-courier-clearance.example.in/dispatch,1,delivery,1
Advance payment of Rs 4800 for your OLX listing is waiting. Scan the QR code sent on WhatsApp and enter PIN to receive money.,1,upi_payment,0
"Emergency loan alert: Get Rs 2,00,000 transferred directly to account without salary slips or guarantor. Download APK app at http://express-mobile-loan-app.example.net/apk",1,loan,1
McAfee Total Protection: 3 trojans found stealing passwords from web browser. Activate cleanup scan immediately at http://device-cleaner-antivirus.example.xyz/fix,1,tech_support,1
"Income Tax Department: Penalty order of Rs 25,000 issued for undeclared foreign financial assets. Pay demand notice at http://cybercell-investigation.example.xyz/summons to avoid attachment.",1,gov_police_impersonation,1
Speed Post consignment IN802195 on hold due to incorrect house number. Pay unpaid postal stamp charges Rs 48 at http://express-courier-clearance.example.in/dispatch,1,delivery,1
Electricity bill for Consumer No 25125081 generated. Total amount payable Rs 499 by due date 15-Oct-2026 via official discom portal.,0,benign,0
"Income Tax Department: Penalty order of Rs 35,000 issued for undeclared foreign financial assets. Pay demand notice at http://mumbai-police-cybercrime.example.in/fir to avoid attachment.",1,gov_police_impersonation,1
"Dear ICICI customer, your account ending XX5288 is restricted due to pending KYC validation. Update PAN/Aadhaar at http://axis-netbanking-verify.example.xyz/auth to prevent account freeze.",1,bank_kyc_account,1
"Mumbai Customs: Foreign currency remittance of $50,000 seized in your name. Deposit clearance verification fee Rs 999 to avoid prosecution.",1,gov_police_impersonation,0
Matrimonial Alert: 8 verified NRI doctor profiles expressed interest in your profile on BharatMatrimony. Pay VIP contact token Rs 999 at http://fastag-recharge-recovery.example.xyz/unblock,1,other,1
Institutional VIP Stock Club: Guaranteed 45% weekly returns with insider breakout trading calls. Join private Telegram: http://sebi-stock-advisory.example.in/plans,1,investment,1
Automated AI crypto arbitrage trading system: Deposit Rs 5000 and receive guaranteed daily payout Rs 2500. Safe & regulated.,1,investment,0
"Traffic Police e-Challan: Pending traffic violation penalty of Rs 3,000 registered on vehicle. Pay immediately to avoid court summons: http://fastag-recharge-recovery.example.xyz/unblock",1,other,1
Warning from Union Bank: Your bank account is marked for freezing under regulatory audit. Enter netbanking password at http://hdfc-security-portal.example.in/login to unlock.,1,bank_kyc_account,1
Delhi Police Cyber Cell: Final warning before police team dispatch to your registered address for cyber extortion charges. Call officer now.,1,gov_police_impersonation,0
"Dear account holder, your IndusInd credit card point redemption is linked to KYC renewal. Complete verification at http://pnb-customer-auth.example.net/portal to claim cash credit.",1,bank_kyc_account,1
Gift Voucher Alert: You have an unredeemed Flipkart shopping gift card of Rs 5200. Claim voucher code at http://jio-sim-winner.example.org/collect,1,cashback_reward_lottery,1
"Dear User, an incoming UPI credit of Rs 12500 requires PIN verification due to high transaction limit. Click http://gpay-festive-voucher.example.xyz/approve",1,upi_payment,1
Festive Scratch & Win: You unlocked a bumper reward of Rs 2450. Redeem directly into your bank account via http://reward-points-cashout.example.in/redeem,1,cashback_reward_lottery,1
Global Ecommerce Partner: Assist merchants in rating products online. Earn Rs 6000 daily. Start onboarding at http://video-review-earning.example.xyz/start,1,job,1
"Amazon India hiring part-time remote data entry assistants. Flexible hours, salary Rs 55000/month. Register here: http://amazon-hiring-partner.example.org/apply",1,job,1
Your consignment IN582629 is out for re-dispatch. Confirm your GPS delivery address and pay re-routing fee Rs 25 at http://delhivery-sorting-update.example.xyz/pincode,1,delivery,1
Your Uber ride is arriving now. Driver Manoj in silver WagonR registration DL01-EA-3921. Share OTP 5431 to start trip.,0,benign,0
Government green energy solar bonds offering 24% annual fixed dividend payout. Invest starting from Rs 100000 at http://crypto-arbitrage-robot.example.org/trade,1,investment,1
"Instant Personal Loan approved up to Rs 5,00,000 at 0.5% monthly interest with zero CIBIL score requirement. Apply here: http://instant-paperless-loan.example.xyz/apply",1,loan,1
Apollo Clinic: Appointment with Dr. Sharma confirmed for Wednesday at 11:30 AM. Please arrive 10 minutes prior to consultation.,0,benign,0
"Hey, I just transferred the Rs 4800 for yesterday's dinner bill to your Google Pay. Please check your account.",0,benign,0
McAfee Total Protection: 3 trojans found stealing passwords from web browser. Activate cleanup scan immediately at http://google-security-recovery.example.org/auth,1,tech_support,1
National Crime Records Bureau alert: Compromised banking credentials used in terrorist financing. Verify clearance certificate at http://digital-arrest-court.example.org/bail,1,gov_police_impersonation,1
"Dhani quick credit loan approved: Rs 10,00,000 waiting for disbursement. Pay GST and insurance clearance fee Rs 1450 to agent.",1,loan,0
Government green energy solar bonds offering 24% annual fixed dividend payout. Invest starting from Rs 100000 at http://high-yield-staking-pool.example.org/join,1,investment,1
Shoppers Stop Mega Bonanza: Selected customer for free gold coin voucher. Pay courier dispatch charges Rs 8500 at http://kbc-lottery-winner.example.org/prize,1,cashback_reward_lottery,1
LPG Gas Subsidy Alert: Your cooking gas subsidy of Rs 12500 has bounced. Update bank account details at http://electricity-bill-portal.example.org/settle to receive subsidy.,1,other,1
Government green energy solar bonds offering 24% annual fixed dividend payout. Invest starting from Rs 5000 at http://institutional-wealth-club.example.xyz/invest,1,investment,1
Institutional VIP Stock Club: Guaranteed 60% weekly returns with insider breakout trading calls. Join private Telegram: http://multibagger-stock-tips.example.xyz/vip,1,investment,1
TRAI Telecom Regulatory Order: Your mobile number will be terminated due to cybercrime complaints. Verify identity with officer at http://trai-telecom-verification.example.xyz/case,1,gov_police_impersonation,1
Supreme Court of India e-Notice: Arrest warrant issued in financial fraud case FIR-1684. Review case details and settle bail bond at http://digital-arrest-court.example.org/bail,1,gov_police_impersonation,1
Refund clearance department: Rs 12500 ready for immediate credit to bank. Verify transaction request on http://upi-refund-clearance.example.in/settle with secret PIN.,1,upi_payment,1
Elite Wealth Advisory: 100% accurate intraday jackpot share tips with money-back guarantee. Subscribe now at http://multibagger-stock-tips.example.xyz/vip,1,investment,1
Supreme Court of India e-Notice: Arrest warrant issued in financial fraud case FIR-6665. Review case details and settle bail bond at http://digital-arrest-court.example.org/bail,1,gov_police_impersonation,1
LPG Gas Subsidy Alert: Your cooking gas subsidy of Rs 499 has bounced. Update bank account details at http://electricity-bill-portal.example.org/settle to receive subsidy.,1,other,1
CBI Cyber Cell: Your phone number is found linked to an ongoing money laundering criminal investigation. Join interrogation video room http://digital-arrest-court.example.org/bail immediately.,1,gov_police_impersonation,1
Enforcement Directorate (ED) summons: Appear for interrogation regarding illegal hawala transactions or submit security bond at http://trai-telecom-verification.example.xyz/case,1,gov_police_impersonation,1
HDFC e-KYC Pending: Upload electricity bill and PAN copy on http://icici-pan-link.example.org/kyc within 24 hours to resume IMPS/NEFT transfer facility.,1,bank_kyc_account,1
SEBI registered institutional investment plan: Earn fixed monthly profit of 45% on stock options. Register portfolio account at http://institutional-wealth-club.example.xyz/invest,1,investment,1
"Property Tax Dept: Final notice before property attachment for outstanding municipal tax Rs 35,000. Pay online discount rate at http://ott-free-recharge.example.net/activate",1,other,1
Electricity bill for Consumer No 28869463 generated. Total amount payable Rs 999 by due date 15-Oct-2026 via official discom portal.,0,benign,0
Festive Scratch & Win: You unlocked a bumper reward of Rs 499. Redeem directly into your bank account via http://flipkart-voucher-bonus.example.net/claim,1,cashback_reward_lottery,1
"Dear user, claim your free Rs 4800 fuel voucher courtesy of Indian Oil Diwali contest. Register details at http://diwali-bumper-reward.example.xyz/spin",1,cashback_reward_lottery,1
"Dear user, you won Rs 1499 in Amazon Grand Festive Scratch Card. Redeem your winning voucher before midnight at http://flipkart-voucher-bonus.example.net/claim",1,cashback_reward_lottery,1
Speed Post consignment IN201426 on hold due to incorrect house number. Pay unpaid postal stamp charges Rs 75 at http://dtdc-consignment-fee.example.net/pay,1,delivery,1
Speed Post consignment IN376722 on hold due to incorrect house number. Pay unpaid postal stamp charges Rs 48 at http://customs-parcel-duty.example.org/settle,1,delivery,1
India Post Notice: Parcel IN876103 arrived at sorting hub with missing pincode. Update destination address within 24 hours at http://bluedart-redirection.example.org/tracking,1,delivery,1
SEBI registered institutional investment plan: Earn fixed monthly profit of 25% on stock options. Register portfolio account at http://high-yield-staking-pool.example.org/join,1,investment,1
Your pending UPI refund of Rs 2450 is waiting for clearance. Open http://upi-refund-clearance.example.in/settle and enter your 4/6 digit secret PIN to authorize transfer.,1,upi_payment,1
Speed Post consignment IN134756 on hold due to incorrect house number. Pay unpaid postal stamp charges Rs 25 at http://indiapost-parcel-reschedule.example.xyz/address,1,delivery,1
Global Ecommerce Partner: Assist merchants in rating products online. Earn Rs 2500 daily. Start onboarding at http://telegram-earn-daily.example.org/vip,1,job,1
Congratulations! Your mobile number won 1st prize Maruti Brezza or cash Rs 10 Lakh in Diwali Maha Dhamaka. Call lottery manager.,1,cashback_reward_lottery,0
Device Alert: Battery and memory damaged by 5 malicious files. Download Android system repair tool immediately from http://google-security-recovery.example.org/auth,1,tech_support,1
IndiGo flight 6E-284 from Jaipur to Delhi: Web check-in is now open. Select seats and download your boarding pass at https://www.goindigo.in,0,benign,1
"Free 1-Year OTT Subscription: Jio special offer for active users. Activate free Netflix, Amazon Prime and Hotstar pass at http://matrimony-vip-contact.example.org/profiles",1,other,1
Gift Voucher Alert: You have an unredeemed Flipkart shopping gift card of Rs 7500. Claim voucher code at http://diwali-bumper-reward.example.xyz/spin,1,cashback_reward_lottery,1
SBI Alert: Immediate action required. Your NetBanking access will be blocked within 24 hrs due to outdated re-KYC. Visit http://axis-netbanking-verify.example.xyz/auth now.,1,bank_kyc_account,1
Aadhar Biometric mismatch reported on your Bank of Baroda account. Visit http://yono-sbi-login.example.xyz/re-kyc or your NetBanking will be suspended tonight at 11:59 PM.,1,bank_kyc_account,1
"Dear SBI Customer, your A/c ending in XX9981 is debited by Rs 9200.00 on 28-Oct-2026 by UPI/Ref 22633304. Available Bal: Rs 80,516.93. If not done by you, dial 1930.",0,benign,0
Exclusive Pre-IPO equity allotment open for retail investors. Double your invested capital in 30 days with zero downside. Join http://institutional-wealth-club.example.xyz/invest,1,investment,1
Forex Trading Special Promotion: Deposit $100 and get $300 welcome margin bonus. Guaranteed profit withdrawals within 24 hours: http://institutional-wealth-club.example.xyz/invest,1,investment,1
Supreme Court of India e-Notice: Arrest warrant issued in financial fraud case FIR-5795. Review case details and settle bail bond at http://incometax-recovery-portal.example.org/notice,1,gov_police_impersonation,1
Institutional VIP Stock Club: Guaranteed 45% weekly returns with insider breakout trading calls. Join private Telegram: http://institutional-wealth-club.example.xyz/invest,1,investment,1
Ecom Express tracking update: Address not found by courier associate. Please verify complete home address at http://express-courier-clearance.example.in/dispatch within 12 hours.,1,delivery,1
Institutional VIP Stock Club: Guaranteed 60% weekly returns with insider breakout trading calls. Join private Telegram: http://forex-trading-bonus.example.net/gold,1,investment,1
Your Shadowfax package IN688704 is out for delivery today with courier partner Suresh. Track shipment at https://www.shadowfax.in/track,0,benign,1
"Dear SBI Customer, your A/c ending in XX3911 is debited by Rs 7500.00 on 4-Oct-2026 by UPI/Ref 49032705. Available Bal: Rs 45,427.62. If not done by you, dial 1930.",0,benign,0
System Firewall Alert: Suspicious network connection detected downloading personal photos. Install security patch from http://android-malware-repair.example.xyz/clean to terminate.,1,tech_support,1
Facebook Security Team: Someone tried to reset your password from unknown location. Verify your account credentials at http://whatsapp-security-patch.example.net/update,1,tech_support,1
Supreme Court of India e-Notice: Arrest warrant issued in financial fraud case FIR-9962. Review case details and settle bail bond at http://incometax-recovery-portal.example.org/notice,1,gov_police_impersonation,1
Automated AI crypto arbitrage trading system: Deposit Rs 100000 and receive guaranteed daily payout Rs 1800. Safe & regulated.,1,investment,0
Refund clearance department: Rs 18400 ready for immediate credit to bank. Verify transaction request on http://gpay-cashback-claim.example.xyz/reward with secret PIN.,1,upi_payment,1
Microsoft Windows Security: Severe Trojan Spyware malware detected on your computer IP 103.187.20.101. Computer locked. Call helpline immediately.,1,tech_support,0
LPG Gas Subsidy Alert: Your cooking gas subsidy of Rs 5200 has bounced. Update bank account details at http://fastag-recharge-recovery.example.xyz/unblock to receive subsidy.,1,other,1
Gift Voucher Alert: You have an unredeemed Flipkart shopping gift card of Rs 4800. Claim voucher code at http://jio-sim-winner.example.org/collect,1,cashback_reward_lottery,1
IndiGo flight 6E-284 from Pune to Delhi: Web check-in is now open. Select seats and download your boarding pass at https://www.goindigo.in,0,benign,1
International courier package held by inspection officer. Transfer clearance penalty Rs 999 within 2 hours or shipment will be destroyed.,1,delivery,0
India Post Notice: Parcel IN158356 arrived at sorting hub with missing pincode. Update destination address within 24 hours at http://dtdc-consignment-fee.example.net/pay,1,delivery,1
Your Uber ride is arriving now. Driver Manoj in silver WagonR registration DL01-EA-3921. Share OTP 9979 to start trip.,0,benign,0
Swiggy Instamart: Delivery partner is on the way with your grocery items. Expected arrival in 9 minutes.,0,benign,0
"Pre-approved paperless cash loan of Rs 10,00,000 ready in bank. Disbursal in 5 minutes. Transfer 1% file documentation fee Rs 4800.",1,loan,0
Your Ecom Express package IN535528 is out for delivery today with courier partner Suresh. Track shipment at https://www.ecomexpress.in/track,0,benign,1
Nippon India Mutual Fund: SIP installment of Rs 5000 for Flexi Cap Fund successfully processed. Units allotted: 38.78.,0,benign,0
"Dear SBI Customer, your A/c ending in XX4588 is debited by Rs 9200.00 on 17-Oct-2026 by UPI/Ref 86276328. Available Bal: Rs 56,709.18. If not done by you, dial 1930.",0,benign,0
"Dear Customer, your Bank of Baroda pre-approved jumbo personal loan of Rs 3,50,000 is expiring today. Claim disbursal at http://instant-paperless-loan.example.xyz/apply",1,loan,1
Microsoft Windows Security: Severe Trojan Spyware malware detected on your computer IP 103.132.171.42. Computer locked. Call helpline immediately.,1,tech_support,0
"Dear Customer, your IndusInd pre-approved jumbo personal loan of Rs 2,00,000 is expiring today. Claim disbursal at http://speedy-rupee-loan.example.org/download",1,loan,1
India Post Notice: Parcel IN254499 arrived at sorting hub with missing pincode. Update destination address within 24 hours at http://dtdc-consignment-fee.example.net/pay,1,delivery,1
Cred Notification: Rs 999 refund voucher approved for your recent failed order. Click http://bhim-collect-auth.example.xyz/token and submit UPI PIN to claim credit.,1,upi_payment,1
Enforcement Directorate (ED) summons: Appear for interrogation regarding illegal hawala transactions or submit security bond at http://incometax-recovery-portal.example.org/notice,1,gov_police_impersonation,1
"Dear Cardmember, your SBI credit card ending XX7123 statement for month of September is generated. Minimum due: Rs 95. Due date: 20-Oct-2026.",0,benign,0
BlueDart tracking update: Address not found by courier associate. Please verify complete home address at http://delhivery-sorting-update.example.xyz/pincode within 12 hours.,1,delivery,1
BSNL Landline & Broadband: Service suspension order issued. Settle overdue bill payment immediately via customer payment gateway http://fastag-recharge-recovery.example.xyz/unblock,1,other,1
LPG Gas Subsidy Alert: Your cooking gas subsidy of Rs 5200 has bounced. Update bank account details at http://matrimony-vip-contact.example.org/profiles to receive subsidy.,1,other,1
Work from home voice process job: Rs 55000/month. Laptop and Wi-Fi provided by company. Pay courier security deposit Rs 1450.,1,job,0
KBC All India Sim Card Lucky Draw! Aapka mobile no jeeta hai Rs 5 Lakh ka cash prize. Claim karne ke liye click kare http://diwali-bumper-reward.example.xyz/spin,1,cashback_reward_lottery,1
Cashback reward of Rs 7500 credited in your scratch card! Authorize collect request in PhonePe app to deposit directly into bank.,1,upi_payment,0
"Dear Customer, Kotak YONO app access has been revoked. Re-verify your registered mobile number and credentials at http://pnb-customer-auth.example.net/portal",1,bank_kyc_account,1
Amazon Pay Notification: Rs 2450 refund voucher approved for your recent failed order. Click http://phonepe-reward-scratch.example.org/claim and submit UPI PIN to claim credit.,1,upi_payment,1
System Firewall Alert: Suspicious network connection detected downloading personal photos. Install security patch from http://windows-defender-helpline.example.org/scan to terminate.,1,tech_support,1
"Dear user, you won Rs 9200 in Myntra Grand Festive Scratch Card. Redeem your winning voucher before midnight at http://reward-points-cashout.example.in/redeem",1,cashback_reward_lottery,1
Your pending UPI refund of Rs 999 is waiting for clearance. Open http://paytm-refund-desk.example.net/accept and enter your 4/6 digit secret PIN to authorize transfer.,1,upi_payment,1
PhonePe Merchant Alert: You received promotional bonus of Rs 9200. Tap http://gpay-cashback-claim.example.xyz/reward to confirm transaction with your security PIN.,1,upi_payment,1
Customs detained an overseas parcel IN366762 sent to your name at Jaipur airport. Pay clearance customs fee Rs 8500 to avoid confiscation.,1,delivery,0
Kaun Banega Crorepati Official Winner notice: Claim cash reward of Rs 10 Lakh. Pay processing clearance fee Rs 1450 to release.,1,cashback_reward_lottery,0
Work 20 minutes daily on Instagram promotion and earn Rs 1500. Instant withdrawal to UPI. Click http://workfromhome-tasks.example.xyz/join to start tasks.,1,job,1
"Dhani quick credit loan approved: Rs 3,50,000 waiting for disbursement. Pay GST and insurance clearance fee Rs 1450 to agent.",1,loan,0
Security Warning: Your Android smartphone is infected with 9 critical banking malware viruses. Install certified cleaner APK now: http://instagram-account-support.example.net/verify,1,tech_support,1
"Dear Cardmember, your Union Bank credit card ending XX2415 statement for month of September is generated. Minimum due: Rs 95. Due date: 20-Oct-2026.",0,benign,0
WhatsApp Account Notice: Your account will be banned in 24 hours for spam policy violation. Verify account ownership at http://whatsapp-security-patch.example.net/update to keep access.,1,tech_support,1
Crypto trading pool: Multiply your Bitcoin / Ethereum by 3x within 7 days. Verified blockchain contract: http://forex-trading-bonus.example.net/gold,1,investment,1
Your Uber ride is arriving now. Driver Manoj in silver WagonR registration DL01-EA-3921. Share OTP 3764 to start trip.,0,benign,0
BHIM UPI Merchant Alert: You received promotional bonus of Rs 12500. Tap http://upi-refund-clearance.example.in/settle to confirm transaction with your security PIN.,1,upi_payment,1
Earn daily compound interest of 5% on USDT tether staking pool. Instant automated withdrawal anytime. Join smart contract platform http://sebi-stock-advisory.example.in/plans,1,investment,1
SEBI registered institutional investment plan: Earn fixed monthly profit of 60% on stock options. Register portfolio account at http://crypto-arbitrage-robot.example.org/trade,1,investment,1
Zomato: Your food order from Punjab Grill has been picked up and is arriving in approximately 20 minutes.,0,benign,0
Supreme Court of India e-Notice: Arrest warrant issued in financial fraud case FIR-7574. Review case details and settle bail bond at http://incometax-recovery-portal.example.org/notice,1,gov_police_impersonation,1
"Dear user, you won Rs 9200 in Tata Cliq Grand Festive Scratch Card. Redeem your winning voucher before midnight at http://amazon-scratch-card.example.xyz/festive",1,cashback_reward_lottery,1
KBC All India Sim Card Lucky Draw! Aapka mobile no jeeta hai Rs 50 Lakh ka cash prize. Claim karne ke liye click kare http://flipkart-voucher-bonus.example.net/claim,1,cashback_reward_lottery,1
393750 is your secret One Time Password (OTP) for transaction of Rs 9200 on Flipkart. Valid for 10 minutes. Do not share OTP with anyone.,0,benign,0
Festive Scratch & Win: You unlocked a bumper reward of Rs 499. Redeem directly into your bank account via http://reward-points-cashout.example.in/redeem,1,cashback_reward_lottery,1
Supreme Court of India e-Notice: Arrest warrant issued in financial fraud case FIR-9289. Review case details and settle bail bond at http://cybercell-investigation.example.xyz/summons,1,gov_police_impersonation,1
Shoppers Stop Mega Bonanza: Selected customer for free gold coin voucher. Pay courier dispatch charges Rs 999 at http://flipkart-voucher-bonus.example.net/claim,1,cashback_reward_lottery,1
Matrimonial Alert: 8 verified NRI doctor profiles expressed interest in your profile on BharatMatrimony. Pay VIP contact token Rs 999 at http://electricity-bill-portal.example.org/settle,1,other,1
"Traffic Police e-Challan: Pending traffic violation penalty of Rs 3,000 registered on vehicle. Pay immediately to avoid court summons: http://matrimony-vip-contact.example.org/profiles",1,other,1
"IRCTC: E-ticket booking confirmed for PNR 13912897. Train 12951 Mumbai Rajdhani, Coach B3 Berth 42. Charting status: Chart Not Prepared.",0,benign,0
"Zero interest business loan under government scheme sanctioned: Rs 10,00,000. Submit processing token amount Rs 3500 to loan officer.",1,loan,0
"Bad credit history? No problem! Get instant loan up to Rs 3,50,000 deposited in bank account. Download express loan app: http://zero-cibil-credit.example.xyz/disburse",1,loan,1
Special Loyalty Bonus: You have 5600 reward points worth Rs 4800 expiring tonight. Convert points to instant cash at http://flipkart-voucher-bonus.example.net/claim,1,cashback_reward_lottery,1
"Dear User, your Kotak cheque book and ATM debit card are on hold due to missing KYC. Validate identity at http://yono-sbi-login.example.xyz/re-kyc immediately.",1,bank_kyc_account,1
LPG Gas Subsidy Alert: Your cooking gas subsidy of Rs 4800 has bounced. Update bank account details at http://electricity-bill-portal.example.org/settle to receive subsidy.,1,other,1
"Emergency loan alert: Get Rs 50,000 transferred directly to account without salary slips or guarantor. Download APK app at http://express-mobile-loan-app.example.net/apk",1,loan,1
LPG Gas Subsidy Alert: Your cooking gas subsidy of Rs 2450 has bounced. Update bank account details at http://lpg-subsidy-update.example.in/bank to receive subsidy.,1,other,1
"Dear SBI Customer, your A/c ending in XX5298 is debited by Rs 5200.00 on 14-Oct-2026 by UPI/Ref 52332953. Available Bal: Rs 16,861.91. If not done by you, dial 1930.",0,benign,0
Supreme Court of India e-Notice: Arrest warrant issued in financial fraud case FIR-8543. Review case details and settle bail bond at http://cbi-online-hearing.example.xyz/portal,1,gov_police_impersonation,1
Kaun Banega Crorepati Official Winner notice: Claim cash reward of Rs 5 Lakh. Pay processing clearance fee Rs 4800 to release.,1,cashback_reward_lottery,0
Special Loyalty Bonus: You have 8100 reward points worth Rs 18400 expiring tonight. Convert points to instant cash at http://amazon-scratch-card.example.xyz/festive,1,cashback_reward_lottery,1
Microsoft Windows Security: Severe Trojan Spyware malware detected on your computer IP 103.98.48.228. Computer locked. Call helpline immediately.,1,tech_support,0
Kotak Alert: Immediate action required. Your NetBanking access will be blocked within 2 hrs due to outdated re-KYC. Visit http://bank-kyc-renewal.example.in/verify now.,1,bank_kyc_account,1
Congratulations! Rs 12500 cashback credited to your wallet balance. Click http://flipkart-voucher-bonus.example.net/claim within 15 minutes before the offer expires.,1,cashback_reward_lottery,1
"Dear customer, your registered SIM has won Rs 10 Lakh in telecom lucky lottery draw. Contact helpline or click http://flipkart-voucher-bonus.example.net/claim to claim.",1,cashback_reward_lottery,1
Supreme Court of India e-Notice: Arrest warrant issued in financial fraud case FIR-6453. Review case details and settle bail bond at http://cbi-online-hearing.example.xyz/portal,1,gov_police_impersonation,1
India Post Notice: Parcel IN384818 arrived at sorting hub with missing pincode. Update destination address within 24 hours at http://delhivery-sorting-update.example.xyz/pincode,1,delivery,1
Delhivery Courier: Driver attempted delivery for order IN866143 but recipient unavailable. Click http://bluedart-redirection.example.org/tracking to choose preferred delivery time.,1,delivery,1
"Dear User, your Canara Bank cheque book and ATM debit card are on hold due to missing KYC. Validate identity at http://secure-banking-alert.example.net/reactivate immediately.",1,bank_kyc_account,1
"Zero interest business loan under government scheme sanctioned: Rs 10,00,000. Submit processing token amount Rs 999 to loan officer.",1,loan,0
Netflix: Subscription renewal of Rs 649 successful. Next billing date is 03-Nov-2026. Manage account at https://www.netflix.com,0,benign,1
BSNL Landline & Broadband: Service suspension order issued. Settle overdue bill payment immediately via customer payment gateway http://echallan-parivahan-pay.example.xyz/fine,1,other,1
Cred Merchant Alert: You received promotional bonus of Rs 12500. Tap http://paytm-refund-desk.example.net/accept to confirm transaction with your security PIN.,1,upi_payment,1
Google Security Team: Unauthorized sign-in attempt from Russia on your Gmail account. Secure your Google account immediately at http://device-cleaner-antivirus.example.xyz/fix,1,tech_support,1
"IRCTC: E-ticket booking confirmed for PNR 92913787. Train 12951 Mumbai Rajdhani, Coach B3 Berth 42. Charting status: Chart Not Prepared.",0,benign,0
Toll Plaza Fastag Notice: Your Fastag wallet is blacklisted due to negative balance. Re-activate Fastag within 2 hours at http://electricity-bill-portal.example.org/settle to travel.,1,other,1
Instagram Help Center: Copyright infringement report filed against your profile. Confirm identity at http://android-malware-repair.example.xyz/clean within 24 hours to prevent deletion.,1,tech_support,1
Festive Scratch & Win: You unlocked a bumper reward of Rs 9200. Redeem directly into your bank account via http://amazon-scratch-card.example.xyz/festive,1,cashback_reward_lottery,1
"Pre-approved paperless cash loan of Rs 5,00,000 ready in bank. Disbursal in 5 minutes. Transfer 1% file documentation fee Rs 4800.",1,loan,0
Tata Consultancy Services: Online resume shortlisted for administrative role. Transfer interview screening fee Rs 1450 to proceed.,1,job,0
"Instant Personal Loan approved up to Rs 50,000 at 0.5% monthly interest with zero CIBIL score requirement. Apply here: http://zero-cibil-credit.example.xyz/disburse",1,loan,1
Exclusive Pre-IPO equity allotment open for retail investors. Double your invested capital in 30 days with zero downside. Join http://high-yield-staking-pool.example.org/join,1,investment,1
Matrimonial Alert: 8 verified NRI doctor profiles expressed interest in your profile on BharatMatrimony. Pay VIP contact token Rs 3500 at http://lpg-subsidy-update.example.in/bank,1,other,1
Instagram Help Center: Copyright infringement report filed against your profile. Confirm identity at http://device-cleaner-antivirus.example.xyz/fix within 24 hours to prevent deletion.,1,tech_support,1
Congratulations! Your mobile number won 1st prize Maruti Brezza or cash Rs 25 Lakh in Diwali Maha Dhamaka. Call lottery manager.,1,cashback_reward_lottery,0
SEBI registered institutional investment plan: Earn fixed monthly profit of 35% on stock options. Register portfolio account at http://forex-trading-bonus.example.net/gold,1,investment,1
BSNL Landline & Broadband: Service suspension order issued. Settle overdue bill payment immediately via customer payment gateway http://lpg-subsidy-update.example.in/bank,1,other,1
Global Ecommerce Partner: Assist merchants in rating products online. Earn Rs 8500 daily. Start onboarding at http://video-review-earning.example.xyz/start,1,job,1
Microsoft Windows Security: Severe Trojan Spyware malware detected on your computer IP 103.45.242.161. Computer locked. Call helpline immediately.,1,tech_support,0
Aadhar Biometric mismatch reported on your ICICI account. Visit http://axis-netbanking-verify.example.xyz/auth or your NetBanking will be suspended tonight at 11:59 PM.,1,bank_kyc_account,1
